AGE,ACCESSIBILITY,EDUCATION_LEVEL,EMPLOYMENT,GENDER,MENTAL_HEALTH,MAIN_BRANCH,YEARS_CODE,YEARS_CODE_PRO,COMPUTER_SKILLS,EMPLOYED
<35,No,NoHigherEd,0,Man,0,Dev,5,4,7,1
>35,No,Undergraduate,1,Man,0,Dev,29,26,22,1
>35,No,Undergraduate,1,Man,0,Dev,25,11,9,0
<35,No,Undergraduate,1,Man,0,Dev,14,7,2,0
<35,No,Undergraduate,0,Man,0,Dev,11,6,19,0
>35,No,Undergraduate,1,Man,1,Dev,27,22,5,1
>35,No,Other,1,Man,0,Dev,15,15,12,0
>35,No,Undergraduate,1,Man,0,Dev,38,26,6,0
<35,No,Undergraduate,1,Man,0,Dev,9,7,14,1
<35,No,Undergraduate,1,Man,0,Dev,12,4,11,0
<35,No,Master,1,Woman,0,Dev,1,1,4,0
>35,No,Master,1,Man,0,Dev,34,22,22,1
<35,No,Undergraduate,1,Man,0,Dev,10,4,23,1
<35,No,PhD,1,Man,0,Dev,12,7,16,1
>35,No,NoHigherEd,1,Man,0,Dev,20,15,11,0
<35,No,Undergraduate,1,Man,0,Dev,3,2,8,1
<35,No,Undergraduate,1,Man,1,Dev,3,2,14,0
<35,No,Master,1,Man,0,Dev,16,10,13,1
<35,No,Other,1,Man,1,Dev,12,12,12,1
>35,No,Master,1,Man,0,Dev,7,6,12,0
<35,No,Other,1,Woman,1,Dev,7,0,14,1
<35,No,Undergraduate,1,Man,0,Dev,18,10,14,0
>35,No,Master,1,Man,1,Dev,25,25,11,1
<35,No,Undergraduate,1,Man,0,Dev,3,3,16,1
<35,No,Undergraduate,1,Man,1,Dev,2,2,8,1
<35,No,Master,1,Man,0,Dev,16,12,52,1
>35,No,Master,1,Man,0,Dev,23,14,23,1
<35,No,Undergraduate,1,Man,1,Dev,8,3,31,1
>35,No,Master,1,Man,0,NotDev,20,5,14,0
<35,No,Other,1,Man,1,Dev,17,8,16,0
<35,No,Undergraduate,1,Man,1,Dev,15,12,8,0
>35,No,Master,1,Man,0,Dev,23,9,16,1
>35,No,Undergraduate,1,Man,0,Dev,20,20,22,0
>35,No,Undergraduate,1,Man,0,Dev,25,24,3,0
>35,No,Undergraduate,1,Man,0,Dev,20,15,13,1
>35,Yes,Undergraduate,0,NonBinary,0,Dev,25,25,16,0
<35,No,Undergraduate,1,Man,1,Dev,10,7,26,1
<35,No,Undergraduate,1,Man,0,Dev,10,7,38,1
>35,No,Other,0,Man,0,Dev,21,11,13,1
>35,No,Undergraduate,1,Man,0,Dev,15,12,6,0
>35,No,Master,1,Man,0,Dev,28,25,12,1
>35,No,Other,0,Man,0,NotDev,32,25,10,0
>35,No,Other,1,Man,0,Dev,27,18,20,1
<35,No,Master,1,Man,0,Dev,7,3,23,1
<35,No,Undergraduate,1,Man,0,Dev,16,7,9,1
>35,No,Undergraduate,1,Man,0,Dev,15,2,14,0
<35,No,Master,0,Man,0,Dev,11,11,16,0
<35,No,Undergraduate,1,Man,0,Dev,12,8,11,1
<35,No,Undergraduate,1,Man,0,Dev,4,4,12,1
>35,No,Undergraduate,1,Man,0,Dev,14,11,19,1
>35,No,Undergraduate,0,Man,1,Dev,25,25,25,1
>35,No,Undergraduate,1,Man,0,Dev,25,10,7,1
<35,No,Master,1,Man,0,Dev,12,7,14,1
<35,No,Undergraduate,1,Woman,1,Dev,10,8,9,0
>35,No,Undergraduate,1,Man,0,Dev,38,33,10,1
<35,No,Undergraduate,1,Man,1,Dev,16,11,19,1
<35,No,Master,1,Man,0,Dev,9,2,15,0
<35,No,Master,1,Man,0,Dev,18,12,16,1
<35,No,Undergraduate,1,Man,0,Dev,5,3,8,1
>35,No,PhD,1,Man,1,Dev,21,11,25,1
>35,No,Undergraduate,1,Man,0,Dev,41,34,20,1
<35,No,Undergraduate,1,Man,0,Dev,8,4,19,1
<35,No,Other,1,Man,1,Dev,7,2,6,0
<35,No,Master,1,Woman,0,Dev,5,2,19,1
<35,No,Undergraduate,1,Man,0,Dev,20,13,6,1
>35,No,Master,1,Man,0,Dev,15,10,4,0
>35,No,Master,0,Man,1,Dev,33,19,23,1
>35,No,Other,1,Man,1,NotDev,28,18,5,0
<35,No,Undergraduate,1,Man,0,Dev,12,5,22,1
>35,No,Master,0,Man,0,Dev,25,14,19,1
<35,No,NoHigherEd,1,Man,0,Dev,13,4,20,1
>35,No,Undergraduate,1,Man,0,Dev,40,28,7,0
>35,Yes,Undergraduate,1,Man,0,Dev,24,13,10,1
<35,No,Master,1,Man,0,Dev,21,9,4,0
<35,No,Undergraduate,1,Man,1,Dev,11,7,6,0
<35,No,Undergraduate,1,Woman,1,Dev,7,6,10,0
<35,No,Undergraduate,0,Man,0,Dev,9,6,20,0
>35,No,Undergraduate,0,Man,0,Dev,13,10,14,0
<35,No,Master,1,Man,0,Dev,10,5,17,1
>35,No,Master,1,Man,0,Dev,30,20,12,0
<35,No,Undergraduate,1,Woman,0,Dev,7,7,14,1
>35,No,NoHigherEd,1,Man,0,Dev,29,22,12,0
<35,No,Other,1,Man,0,Dev,14,9,18,1
<35,No,Other,1,Man,0,Dev,8,7,10,0
>35,No,Other,1,Man,0,Dev,20,15,16,1
<35,No,Undergraduate,1,Man,0,NotDev,8,2,26,1
<35,No,Undergraduate,1,Man,0,Dev,15,10,17,1
>35,No,Master,1,Man,0,Dev,24,19,6,0
<35,No,NoHigherEd,1,Man,1,Dev,4,0,21,1
>35,No,Undergraduate,1,Man,1,Dev,8,6,12,0
>35,No,Undergraduate,1,Man,0,Dev,18,15,7,1
<35,No,Undergraduate,1,Man,0,Dev,5,4,29,1
<35,No,Master,1,Man,0,Dev,9,4,13,1
>35,No,Master,1,Man,0,Dev,20,12,21,1
<35,No,Undergraduate,1,Man,0,Dev,8,5,7,0
<35,No,Undergraduate,0,Man,1,Dev,3,2,8,0
<35,No,NoHigherEd,1,Man,0,NotDev,3,3,8,0
>35,No,Undergraduate,1,Woman,0,Dev,23,18,13,1
<35,No,Undergraduate,0,Man,0,Dev,7,7,17,1
<35,No,NoHigherEd,0,Man,1,Dev,17,14,18,1
>35,No,Undergraduate,1,Man,1,Dev,20,7,15,0
<35,No,Undergraduate,1,Man,0,Dev,11,6,11,0
>35,No,Master,0,Man,0,Dev,5,5,4,0
<35,No,Other,1,Man,0,Dev,8,5,9,1
<35,No,Master,1,Man,0,Dev,10,4,26,1
<35,No,Master,0,Man,0,Dev,12,4,17,1
>35,Yes,PhD,1,Man,0,Dev,35,25,15,0
<35,No,Master,1,Man,1,NotDev,7,0,4,0
>35,No,Undergraduate,1,Man,1,Dev,28,17,17,0
>35,No,Master,1,Man,0,Dev,25,16,13,1
>35,No,Master,0,Man,0,Dev,20,15,9,0
>35,No,Master,1,Man,0,Dev,35,30,11,1
<35,No,PhD,0,Man,0,Dev,16,8,19,1
>35,No,Master,1,Man,1,NotDev,25,3,19,0
<35,No,Master,1,Man,0,Dev,10,10,14,0
<35,No,Other,1,Man,0,Dev,2,0,4,0
>35,No,Undergraduate,1,Man,0,Dev,40,36,4,0
<35,No,Undergraduate,1,Man,1,Dev,17,11,9,0
<35,No,Other,1,Man,0,Dev,10,5,26,1
>35,No,Other,1,Man,0,Dev,26,26,8,0
>35,No,Master,1,Man,1,Dev,27,5,6,0
<35,No,Undergraduate,1,Man,0,Dev,13,8,7,0
>35,No,Master,1,Man,0,Dev,38,24,8,0
<35,No,Master,1,Man,0,Dev,7,2,18,1
<35,No,Undergraduate,1,Man,1,Dev,13,8,7,0
>35,No,Master,1,Man,0,Dev,15,10,12,1
>35,No,Master,1,Man,0,Dev,33,22,8,1
>35,No,Undergraduate,1,Man,0,Dev,15,10,16,1
>35,No,Master,0,Man,1,NotDev,40,30,6,0
<35,No,Other,1,Man,1,Dev,6,3,23,1
<35,No,Master,1,Man,0,Dev,21,10,10,1
>35,No,Other,1,Man,0,Dev,17,15,8,0
<35,No,Undergraduate,1,Man,0,Dev,8,4,16,0
>35,No,PhD,1,Man,0,Dev,30,14,9,0
<35,No,Undergraduate,1,Man,0,Dev,8,4,23,1
<35,No,Undergraduate,1,Man,0,Dev,8,3,10,1
<35,No,Undergraduate,1,Man,0,Dev,4,0,12,0
<35,No,Undergraduate,1,Man,1,Dev,14,9,18,1
>35,No,Master,1,Man,0,Dev,20,15,7,0
<35,No,Master,1,Man,0,Dev,11,5,13,1
>35,No,Other,1,Man,0,NotDev,28,15,27,1
<35,No,Undergraduate,1,Man,0,Dev,7,4,9,0
<35,No,Undergraduate,1,Man,0,Dev,8,5,14,1
<35,No,Undergraduate,1,Man,0,Dev,4,3,13,1
<35,No,Other,1,Man,0,Dev,4,1,10,0
<35,No,Master,1,Man,1,Dev,13,7,7,0
<35,No,Undergraduate,1,Man,0,Dev,8,2,15,1
<35,No,Master,1,Man,0,Dev,6,3,4,0
<35,Yes,Undergraduate,1,Man,1,Dev,7,3,5,0
<35,No,Undergraduate,1,Man,0,Dev,4,0,12,1
<35,No,Undergraduate,1,Man,0,Dev,3,3,11,0
>35,Yes,Undergraduate,1,Man,1,Dev,22,17,7,1
>35,No,Other,1,Man,1,Dev,7,5,4,0
<35,No,Undergraduate,1,Man,1,Dev,5,2,21,1
<35,No,Undergraduate,1,Man,0,Dev,6,4,16,1
>35,No,Undergraduate,1,Man,0,Dev,27,20,13,1
>35,No,Undergraduate,1,Man,0,Dev,20,15,6,0
<35,No,Undergraduate,1,Woman,0,Dev,9,7,14,1
<35,No,Undergraduate,1,Man,0,Dev,8,2,16,1
>35,No,Other,1,Man,1,Dev,5,15,14,1
>35,No,Undergraduate,1,Man,0,Dev,26,16,15,1
<35,No,Undergraduate,1,Man,0,Dev,8,4,13,0
<35,No,Undergraduate,1,Man,0,Dev,4,0,14,1
<35,No,Master,1,Man,0,NotDev,15,13,2,0
<35,No,Master,1,Man,0,Dev,13,6,17,0
<35,No,Master,1,Man,1,Dev,8,0,16,1
<35,No,Undergraduate,1,Man,1,Dev,10,6,14,0
>35,No,Undergraduate,1,Man,0,Dev,22,15,18,1
<35,No,Undergraduate,1,Man,1,Dev,10,2,10,0
<35,No,Undergraduate,1,Woman,0,Dev,20,10,16,1
<35,No,Undergraduate,1,Man,1,Dev,8,5,14,1
<35,No,Undergraduate,1,Man,0,NotDev,14,13,4,0
>35,No,PhD,1,Man,0,NotDev,12,10,10,0
<35,No,Undergraduate,1,Man,1,Dev,3,1,11,0
<35,No,Other,1,Man,0,Dev,12,12,27,1
<35,No,Undergraduate,1,Man,1,Dev,8,3,15,1
<35,No,Undergraduate,1,Man,0,Dev,9,7,9,1
<35,No,Undergraduate,1,NonBinary,0,Dev,17,13,9,1
<35,No,Undergraduate,1,Man,0,Dev,8,4,27,1
>35,No,Master,1,Man,0,Dev,13,9,20,1
>35,No,Undergraduate,1,Man,0,Dev,12,12,6,0
<35,No,Other,0,Man,1,Dev,12,15,17,1
<35,No,Master,1,Man,0,Dev,6,1,9,1
>35,No,Undergraduate,1,Man,0,Dev,28,15,6,0
<35,No,Undergraduate,1,Man,0,Dev,14,6,13,1
<35,No,Undergraduate,1,Man,0,Dev,16,12,8,1
<35,No,Undergraduate,1,Man,0,Dev,8,2,27,1
<35,No,Undergraduate,1,Man,0,Dev,6,3,19,1
<35,No,Master,1,Man,0,Dev,11,10,7,0
>35,No,Master,1,Man,0,Dev,40,35,14,1
<35,No,Other,1,Man,0,Dev,12,10,24,1
<35,No,Undergraduate,1,Man,0,Dev,5,3,11,0
<35,No,Undergraduate,1,Man,0,Dev,6,3,14,1
<35,No,Undergraduate,1,Man,0,Dev,15,10,6,0
>35,No,Undergraduate,1,Man,0,Dev,24,20,11,1
<35,No,Master,1,Woman,0,Dev,7,5,15,0
<35,No,Master,1,Man,0,Dev,6,4,9,1
<35,No,Undergraduate,1,Man,0,Dev,9,5,7,0
<35,No,NoHigherEd,0,Man,0,NotDev,2,1,2,0
<35,No,Other,1,Man,0,Dev,12,8,13,0
<35,No,Undergraduate,1,Man,1,Dev,15,11,23,1
<35,No,Undergraduate,1,Man,1,Dev,11,8,21,0
>35,No,Undergraduate,1,Man,0,Dev,28,24,24,1
>35,No,Undergraduate,0,Man,0,NotDev,39,23,15,0
<35,No,Undergraduate,1,Man,0,Dev,9,5,26,1
<35,No,Undergraduate,1,Man,0,Dev,10,3,12,0
<35,No,Other,0,Man,0,Dev,8,2,6,0
<35,No,Other,0,Man,0,Dev,13,8,22,0
>35,No,Undergraduate,1,Man,0,Dev,18,5,9,1
<35,No,Other,1,Man,0,Dev,7,5,22,1
<35,No,Undergraduate,1,Man,1,Dev,10,0,10,0
<35,No,Undergraduate,1,Man,0,Dev,19,16,14,1
<35,No,NoHigherEd,0,Man,0,Dev,16,11,29,1
<35,No,Undergraduate,1,Man,0,Dev,2,2,14,0
<35,No,Undergraduate,1,Man,1,Dev,4,3,8,0
<35,No,PhD,1,Man,0,Dev,9,5,4,0
>35,No,Undergraduate,0,Man,0,NotDev,5,3,23,1
<35,No,Undergraduate,1,Man,0,Dev,20,10,17,1
<35,No,Master,1,Man,0,Dev,8,3,4,0
<35,No,Master,1,Man,0,Dev,9,5,16,1
<35,No,Master,0,Man,0,Dev,6,5,19,1
>35,No,Undergraduate,1,Man,0,Dev,30,18,11,0
>35,No,Undergraduate,1,Man,0,Dev,39,33,8,0
>35,No,Master,0,Man,0,NotDev,22,15,6,0
>35,No,Other,1,Man,0,Dev,27,19,24,1
<35,No,Undergraduate,1,Man,1,Dev,8,4,16,1
<35,No,Undergraduate,1,Man,0,Dev,12,6,13,0
<35,No,Other,1,Man,0,Dev,7,3,10,1
>35,No,Master,1,Man,1,Dev,20,14,17,1
<35,No,Undergraduate,1,Man,0,Dev,8,2,24,1
<35,No,Master,1,Man,0,Dev,12,0,26,1
<35,No,Undergraduate,1,Man,0,Dev,8,4,15,1
<35,No,Undergraduate,1,Man,0,Dev,7,2,21,1
<35,No,Master,1,Man,0,Dev,5,1,7,0
<35,No,Undergraduate,0,Man,1,Dev,17,8,17,1
>35,No,Master,0,Man,0,Dev,5,5,7,1
<35,No,Undergraduate,1,Man,0,Dev,15,11,26,1
<35,No,Undergraduate,1,Man,0,Dev,4,2,25,1
>35,Yes,Undergraduate,1,Man,0,Dev,35,32,21,0
>35,No,Other,1,Man,0,Dev,20,15,12,0
<35,No,Master,1,Woman,0,Dev,15,9,4,0
>35,No,Undergraduate,1,Man,0,Dev,29,24,5,0
<35,No,Undergraduate,0,Man,0,Dev,4,0,11,0
<35,No,Undergraduate,1,Man,0,Dev,13,9,2,0
<35,No,Master,1,Man,0,Dev,16,6,17,0
<35,No,Master,1,Man,0,Dev,12,10,15,1
<35,No,NoHigherEd,1,Man,0,Dev,5,5,24,1
<35,Yes,Other,1,Woman,1,Dev,13,3,19,0
<35,No,Undergraduate,1,Man,1,Dev,6,2,15,1
>35,No,Undergraduate,0,Man,0,Dev,25,22,23,1
<35,No,Undergraduate,1,Man,0,Dev,21,6,15,1
>35,No,Master,0,Man,0,Dev,42,37,13,1
<35,No,Master,1,Man,0,Dev,10,5,3,0
>35,No,NoHigherEd,1,Man,0,Dev,17,15,12,0
<35,No,Undergraduate,1,Man,0,Dev,16,6,27,1
<35,No,Undergraduate,1,Man,1,Dev,10,6,15,1
<35,No,Undergraduate,1,Man,0,Dev,9,1,22,1
<35,No,Undergraduate,1,Man,0,Dev,14,8,17,1
<35,No,Undergraduate,1,Man,0,Dev,6,6,15,0
<35,No,Undergraduate,1,Man,0,Dev,12,10,13,1
<35,No,Master,1,Man,0,Dev,7,5,13,1
<35,No,Master,1,Man,0,Dev,8,5,14,0
>35,No,Master,1,Man,0,Dev,36,25,6,0
<35,No,Master,1,Man,0,Dev,15,8,9,0
>35,No,Master,0,Man,0,Dev,21,18,14,1
<35,No,Undergraduate,1,Man,0,Dev,12,9,17,1
<35,No,NoHigherEd,1,Man,0,Dev,11,11,16,1
<35,No,Undergraduate,1,Man,0,Dev,6,5,8,0
>35,No,Undergraduate,1,Man,1,NotDev,22,22,18,1
<35,No,Other,1,Man,0,Dev,14,11,14,0
>35,Yes,Other,1,Man,0,Dev,21,17,12,0
>35,No,Undergraduate,1,Man,0,Dev,33,30,13,0
<35,No,Undergraduate,1,Man,0,Dev,4,1,9,0
<35,No,Undergraduate,1,Man,0,Dev,15,11,15,0
<35,No,Undergraduate,1,Man,1,Dev,4,1,13,1
>35,No,PhD,1,Man,0,Dev,11,7,8,0
<35,No,Other,1,Man,1,Dev,7,3,10,0
>35,No,Undergraduate,1,Man,1,Dev,26,20,26,1
<35,No,Other,0,Man,0,Dev,12,9,11,1
<35,No,Master,1,Man,0,Dev,11,6,7,0
<35,No,Master,1,Man,0,Dev,11,8,14,0
<35,No,Master,1,Man,0,Dev,12,8,14,1
<35,No,Undergraduate,1,Man,0,Dev,3,1,5,0
>35,No,Undergraduate,1,Man,1,Dev,30,20,11,0
<35,No,Undergraduate,1,Man,0,Dev,6,2,20,1
<35,No,Undergraduate,1,Man,0,Dev,17,16,4,0
>35,No,Master,1,Man,1,NotDev,20,14,18,1
>35,No,Undergraduate,1,Man,0,Dev,20,17,7,1
<35,No,Undergraduate,1,Man,1,Dev,15,10,13,1
<35,No,Undergraduate,1,Man,1,Dev,22,12,20,1
<35,No,Undergraduate,1,Man,0,Dev,6,6,15,1
<35,No,Master,1,Woman,0,Dev,9,4,9,0
>35,No,Master,1,Man,0,Dev,21,16,23,0
<35,No,Undergraduate,1,Man,0,Dev,7,5,9,0
>35,No,Master,1,Man,0,Dev,16,14,16,1
<35,No,Other,1,Man,0,Dev,8,1,16,1
>35,No,Master,1,Man,0,Dev,30,26,7,0
<35,No,Undergraduate,1,Man,0,Dev,12,7,13,1
<35,No,Master,1,Man,0,Dev,15,4,11,0
<35,No,Master,1,Woman,0,NotDev,3,0,2,0
>35,No,Other,0,Man,0,Dev,38,37,21,1
>35,No,Undergraduate,0,Man,0,Dev,30,25,11,1
<35,No,Undergraduate,0,Man,0,Dev,6,3,9,0
<35,No,Undergraduate,1,Man,0,Dev,5,3,9,0
<35,No,Master,1,Man,0,Dev,10,5,15,0
<35,No,Master,1,Man,1,Dev,12,9,3,0
<35,No,Undergraduate,1,Man,1,Dev,12,8,14,0
<35,No,Other,0,Man,0,Dev,7,4,9,1
<35,No,Undergraduate,1,Man,1,Dev,6,2,13,1
>35,No,Undergraduate,1,Man,0,Dev,40,27,18,1
>35,No,Undergraduate,0,Man,1,Dev,30,20,10,0
<35,No,Master,1,Man,0,Dev,16,4,7,0
>35,No,Undergraduate,0,Man,0,Dev,23,19,7,0
<35,No,Undergraduate,1,Man,0,Dev,14,6,10,1
<35,No,Undergraduate,1,Man,0,Dev,10,5,16,1
<35,No,Undergraduate,0,Man,0,Dev,11,8,10,1
>35,No,Undergraduate,1,Man,0,Dev,8,6,18,1
<35,No,Other,1,Man,0,Dev,6,1,22,1
<35,No,Undergraduate,1,Man,1,NotDev,20,8,18,1
>35,No,Other,1,Man,0,Dev,47,38,5,0
<35,No,Master,1,Man,0,Dev,12,6,7,0
<35,No,Master,1,Man,0,Dev,8,3,15,1
<35,No,Master,1,Man,0,Dev,12,6,19,1
<35,No,Undergraduate,1,Man,0,Dev,9,2,3,0
<35,No,Undergraduate,1,Man,0,Dev,11,3,20,1
<35,No,Undergraduate,0,Man,0,Dev,5,3,10,0
<35,No,Undergraduate,1,Man,1,Dev,8,1,16,1
>35,No,Undergraduate,1,Man,0,Dev,44,36,4,0
<35,No,Master,1,Man,0,NotDev,10,7,10,0
<35,No,Undergraduate,1,Man,0,Dev,0,0,6,0
<35,No,Master,1,Man,0,Dev,15,9,15,0
<35,No,Undergraduate,1,Man,0,Dev,7,5,15,0
<35,No,Undergraduate,1,Man,0,Dev,13,9,7,0
>35,No,Undergraduate,1,Man,0,Dev,17,13,9,0
<35,No,Undergraduate,1,Man,0,Dev,13,9,13,1
<35,No,Undergraduate,1,Woman,1,Dev,8,6,21,1
>35,No,Undergraduate,0,Man,0,Dev,26,11,16,0
<35,No,Master,1,Woman,0,Dev,11,6,6,0
<35,No,Other,1,Man,0,Dev,8,4,12,0
<35,Yes,Undergraduate,1,Man,0,Dev,6,5,8,0
<35,No,Undergraduate,1,Man,0,Dev,7,0,15,1
<35,No,Undergraduate,1,Man,0,Dev,12,10,10,1
<35,No,Master,1,NonBinary,0,Dev,15,13,10,0
<35,No,NoHigherEd,1,Man,0,Dev,6,3,19,1
>35,No,Other,1,Man,1,Dev,22,12,12,1
<35,No,Master,1,Man,1,Dev,9,7,20,1
<35,No,Other,1,Man,0,Dev,7,3,15,1
>35,No,Other,1,Man,0,Dev,20,14,26,1
<35,No,Master,1,Man,0,Dev,18,10,14,1
<35,No,Undergraduate,1,Man,0,Dev,2,1,11,1
>35,No,PhD,1,Man,0,NotDev,15,8,5,0
<35,No,Undergraduate,1,Man,0,Dev,8,5,26,1
>35,No,Other,1,Man,0,Dev,15,12,7,0
<35,No,Undergraduate,1,Man,0,Dev,15,7,12,1
>35,No,Master,1,Man,1,Dev,13,5,22,1
>35,No,Master,1,Man,0,NotDev,38,25,4,0
<35,No,Undergraduate,1,Man,0,Dev,16,12,15,0
<35,No,Master,1,Man,0,Dev,8,6,7,0
<35,No,Master,1,Man,0,Dev,6,5,10,1
<35,No,Master,1,Man,0,Dev,5,3,8,0
<35,No,Undergraduate,1,Man,0,NotDev,10,3,17,1
>35,No,Master,1,Man,0,Dev,21,21,24,1
<35,No,Master,0,Man,0,Dev,14,8,11,1
<35,No,Undergraduate,0,Man,0,Dev,8,4,12,0
<35,No,Other,1,Man,0,Dev,5,0,9,1
<35,No,Undergraduate,1,Man,0,Dev,6,4,16,0
<35,No,Undergraduate,1,Woman,0,Dev,4,4,17,1
<35,No,Master,1,Man,0,Dev,15,12,17,1
<35,No,PhD,1,Man,0,Dev,16,7,21,1
>35,No,PhD,1,Man,0,Dev,31,20,10,1
>35,No,Master,1,Man,0,Dev,50,40,11,0
<35,No,Undergraduate,1,Man,1,Dev,15,11,18,1
>35,No,PhD,1,Man,0,Dev,20,15,6,0
>35,No,Undergraduate,1,NonBinary,0,Dev,33,21,12,0
>35,No,Undergraduate,1,Man,0,Dev,28,14,24,1
<35,No,Other,1,Man,0,Dev,12,4,26,1
<35,No,Undergraduate,0,Man,0,NotDev,4,2,11,0
<35,No,Master,1,Man,0,Dev,11,4,11,1
<35,No,Undergraduate,1,Man,0,Dev,6,7,12,1
<35,No,Other,1,Man,1,Dev,16,6,11,0
<35,No,Undergraduate,1,Man,0,Dev,13,10,14,1
<35,No,Master,1,Man,0,NotDev,5,2,6,0
<35,No,Undergraduate,1,Man,0,Dev,3,2,21,1
>35,No,Undergraduate,1,Man,0,Dev,28,21,10,1
>35,No,Master,1,Man,0,Dev,20,18,8,0
>35,No,Undergraduate,1,Man,0,Dev,20,15,6,0
<35,No,Other,1,Man,0,Dev,5,2,21,1
<35,No,Master,1,Man,0,Dev,15,5,11,1
<35,No,NoHigherEd,0,Man,1,Dev,6,3,34,1
>35,No,Master,1,Man,0,Dev,37,20,18,1
<35,No,Master,1,Man,0,Dev,8,5,11,0
<35,No,NoHigherEd,1,Man,0,Dev,5,0,9,1
>35,No,Undergraduate,1,Man,0,Dev,16,13,9,0
<35,No,NoHigherEd,1,Man,1,Dev,9,0,7,0
>35,No,Other,1,Man,0,Dev,40,20,20,1
<35,No,NoHigherEd,1,Woman,1,NotDev,20,0,21,1
>35,No,Undergraduate,1,Man,0,Dev,40,30,16,1
<35,No,Undergraduate,1,Man,0,Dev,4,3,8,0
>35,No,Master,1,Woman,0,Dev,8,7,9,0
<35,No,Undergraduate,1,Man,0,NotDev,10,10,12,0
<35,No,Master,1,Man,0,Dev,8,5,21,1
>35,No,Master,1,Man,0,Dev,25,21,18,0
>35,No,Other,1,Man,0,Dev,22,16,10,1
<35,No,Master,1,Man,0,NotDev,10,2,7,0
>35,No,Master,1,NonBinary,0,Dev,15,10,24,1
<35,No,Undergraduate,1,Man,0,Dev,14,6,13,0
>35,No,Master,1,Man,0,Dev,30,15,5,0
>35,No,Undergraduate,0,Man,0,Dev,38,24,11,0
>35,No,Undergraduate,1,Man,0,Dev,20,14,22,1
>35,No,Master,0,Man,1,Dev,19,14,11,1
>35,No,Undergraduate,1,Man,0,Dev,5,4,23,1
<35,No,Undergraduate,1,Man,0,Dev,5,2,2,0
<35,No,Master,1,Man,1,NotDev,15,5,5,0
>35,No,Master,1,Man,1,Dev,3,1,23,1
<35,No,PhD,1,Man,0,Dev,15,6,9,0
<35,No,NoHigherEd,1,Man,1,Dev,8,4,15,1
<35,No,Undergraduate,1,Man,0,Dev,9,6,12,0
<35,No,Master,0,NonBinary,0,NotDev,15,4,13,1
<35,No,Undergraduate,1,Man,0,Dev,13,9,10,1
<35,No,Master,1,Man,0,Dev,20,15,28,1
<35,No,Other,1,Man,1,Dev,11,3,18,1
<35,No,Undergraduate,1,Man,0,Dev,10,6,22,1
<35,No,Master,0,Man,0,Dev,14,14,14,1
>35,No,Other,1,Man,1,Dev,21,12,9,1
<35,No,Undergraduate,1,Man,0,Dev,8,3,20,1
>35,No,Undergraduate,1,Man,1,Dev,12,8,13,0
<35,No,Undergraduate,1,Man,0,Dev,10,6,24,1
<35,No,Undergraduate,1,Woman,1,Dev,6,5,26,1
>35,No,Other,1,Man,0,Dev,20,20,15,1
>35,No,PhD,1,Man,0,Dev,7,3,6,0
<35,No,Master,1,Man,0,Dev,10,5,15,1
<35,No,Undergraduate,1,Man,0,Dev,4,1,16,1
<35,No,Undergraduate,1,Man,1,Dev,20,13,11,0
<35,No,Undergraduate,1,Man,0,Dev,6,1,28,1
<35,No,Other,1,Man,0,Dev,6,3,25,1
>35,No,Master,1,Man,0,Dev,20,15,16,1
>35,No,Master,1,Man,1,Dev,22,7,17,1
>35,No,Master,1,Man,0,Dev,9,5,8,1
>35,No,Undergraduate,1,Man,1,Dev,24,17,32,1
<35,No,Undergraduate,0,Man,0,Dev,10,7,19,0
<35,No,Undergraduate,1,Man,0,Dev,8,5,25,1
<35,No,Undergraduate,1,Man,0,Dev,10,5,13,0
>35,No,PhD,1,Man,0,Dev,20,9,11,0
>35,No,Undergraduate,1,Man,1,Dev,25,5,13,0
<35,No,Undergraduate,1,Man,0,Dev,5,1,6,0
>35,No,Undergraduate,1,Man,0,Dev,19,15,22,1
>35,No,Undergraduate,1,Man,0,NotDev,25,20,10,0
>35,No,Master,0,Man,0,Dev,26,25,5,0
>35,No,Undergraduate,1,Man,0,Dev,16,12,6,0
<35,No,Master,1,Man,1,Dev,5,4,15,1
<35,No,Master,1,Man,0,NotDev,8,4,15,0
>35,No,Master,0,Man,0,Dev,10,5,10,0
<35,No,NoHigherEd,1,Man,0,Dev,5,3,4,0
>35,No,Undergraduate,1,Man,0,NotDev,24,19,10,0
<35,No,Undergraduate,1,Man,0,Dev,12,10,9,1
>35,No,Undergraduate,1,Man,0,Dev,20,20,15,1
<35,No,Undergraduate,1,Man,1,Dev,6,0,12,0
<35,No,Undergraduate,1,Man,0,Dev,11,8,18,1
<35,No,Other,1,Man,1,Dev,11,10,25,1
<35,No,Undergraduate,1,Man,1,Dev,12,5,14,0
>35,No,Master,1,Man,0,Dev,27,23,6,0
<35,No,Other,1,Man,1,Dev,9,2,16,0
<35,No,Master,1,Man,0,Dev,7,2,13,1
<35,No,Undergraduate,1,Man,0,Dev,8,5,34,1
>35,No,Undergraduate,1,Man,0,Dev,37,10,18,0
<35,No,Undergraduate,1,Man,0,Dev,2,3,8,1
<35,No,Master,1,Man,0,Dev,10,4,11,1
<35,No,Undergraduate,1,Man,1,NotDev,5,0,5,0
<35,No,Undergraduate,1,Man,1,Dev,3,1,9,0
<35,No,Undergraduate,1,Woman,0,Dev,12,8,7,0
<35,No,Undergraduate,1,Man,0,Dev,7,7,9,0
>35,No,Undergraduate,1,Man,0,Dev,19,19,19,1
<35,No,Undergraduate,1,Man,0,Dev,3,1,8,0
>35,No,Undergraduate,1,Man,0,Dev,22,18,15,1
<35,No,Undergraduate,1,Man,0,Dev,13,8,9,0
>35,No,Other,1,Man,0,Dev,12,9,9,1
<35,No,NoHigherEd,0,Man,1,Dev,5,2,13,1
<35,No,Master,1,Man,1,Dev,20,10,8,0
<35,No,Undergraduate,1,Man,0,Dev,11,6,15,1
>35,No,Other,1,Man,1,Dev,27,15,25,1
>35,No,Undergraduate,0,Man,0,Dev,17,15,10,0
<35,No,Master,1,Man,0,Dev,12,4,23,1
>35,No,NoHigherEd,1,Man,0,Dev,28,19,10,0
<35,Yes,Master,1,Man,1,Dev,12,12,11,0
<35,No,Other,1,Man,1,Dev,7,0,7,1
<35,No,Master,1,Man,0,Dev,13,4,17,1
>35,No,Other,1,Man,0,Dev,3,1,2,0
>35,No,Master,1,Man,0,Dev,34,22,9,0
<35,No,Undergraduate,0,Man,0,Dev,5,5,16,1
<35,No,Master,1,Man,0,Dev,6,4,14,0
<35,No,Master,1,Man,0,Dev,4,1,13,1
<35,No,NoHigherEd,0,Man,0,Dev,16,11,15,1
>35,No,Master,1,Man,0,Dev,17,10,3,0
<35,No,Other,1,NonBinary,1,NotDev,3,0,11,0
>35,No,Master,1,Man,0,Dev,35,25,4,0
<35,No,NoHigherEd,1,Man,0,Dev,10,2,12,0
<35,No,Undergraduate,1,Man,1,Dev,11,5,10,0
<35,No,Undergraduate,1,Man,1,NotDev,15,6,28,1
>35,No,Master,1,Man,0,Dev,20,15,3,0
<35,No,Master,1,Man,0,Dev,13,6,13,0
<35,No,Other,1,Man,1,Dev,10,4,19,1
<35,No,Undergraduate,1,Man,0,Dev,14,7,14,0
<35,No,Undergraduate,1,Man,0,Dev,8,2,16,1
>35,No,Master,1,Man,0,Dev,30,19,13,1
<35,No,Master,1,Woman,0,Dev,1,0,13,1
>35,No,Master,1,Man,0,Dev,38,22,11,0
>35,No,Undergraduate,1,Man,0,Dev,39,35,34,1
>35,No,Master,1,Man,0,Dev,18,11,12,1
<35,No,Other,1,Man,0,Dev,7,4,21,1
<35,No,Master,0,NonBinary,0,Dev,16,10,14,1
<35,No,Other,1,Man,0,Dev,14,5,11,1
<35,No,Undergraduate,1,Man,0,Dev,10,3,21,1
<35,No,PhD,1,Man,0,Dev,14,7,5,0
>35,No,Master,1,Man,0,Dev,25,22,18,1
<35,No,Master,1,Man,0,NotDev,10,1,9,0
<35,No,Undergraduate,1,Man,0,Dev,7,1,15,1
>35,No,Master,0,Man,0,Dev,25,15,13,1
<35,No,Undergraduate,1,Man,1,Dev,10,7,21,1
<35,No,Undergraduate,0,Man,0,Dev,5,3,7,0
>35,No,Other,0,Man,0,Dev,20,10,13,0
>35,No,PhD,1,Man,0,Dev,25,15,20,1
<35,No,Master,1,Man,0,Dev,5,3,3,0
<35,No,Undergraduate,0,Man,0,Dev,5,2,18,1
<35,No,Undergraduate,1,Man,0,Dev,6,2,6,0
>35,No,Other,1,Man,0,NotDev,12,12,4,0
>35,No,Undergraduate,1,Man,0,Dev,26,18,9,1
<35,No,Undergraduate,0,Man,1,Dev,10,4,10,1
>35,No,Undergraduate,1,Man,1,NotDev,10,4,9,0
<35,No,Undergraduate,0,Woman,0,Dev,16,8,6,0
<35,No,Other,0,Man,1,NotDev,5,3,23,1
<35,No,Master,1,Woman,1,Dev,17,7,8,0
<35,No,NoHigherEd,1,Man,1,Dev,7,3,15,1
<35,No,Undergraduate,1,Man,0,Dev,14,10,51,1
<35,No,NoHigherEd,1,Man,0,Dev,10,6,13,1
<35,No,Other,1,Man,0,Dev,3,1,17,1
>35,No,Master,0,Man,0,NotDev,20,15,11,0
<35,No,Undergraduate,1,Man,0,Dev,11,4,11,1
<35,No,Undergraduate,1,Man,1,Dev,8,4,14,1
>35,No,Master,1,Man,1,NotDev,19,22,14,1
<35,No,Undergraduate,1,Man,0,Dev,11,10,11,0
<35,No,Undergraduate,1,Man,0,Dev,0,0,6,0
<35,No,Master,1,Man,1,Dev,21,11,5,0
>35,No,Undergraduate,1,Man,0,Dev,35,31,17,1
<35,No,Undergraduate,1,Man,0,Dev,16,7,8,0
<35,No,Undergraduate,1,Man,0,Dev,10,8,12,0
>35,No,NoHigherEd,0,Woman,0,Dev,27,13,16,1
>35,No,Master,1,Man,0,Dev,9,5,20,1
>35,No,Undergraduate,1,Man,0,Dev,43,37,18,1
>35,No,Master,1,Woman,0,Dev,20,15,9,1
<35,No,Undergraduate,1,Man,0,Dev,5,2,8,1
>35,No,Undergraduate,1,Man,0,Dev,28,20,8,0
>35,No,Undergraduate,1,Man,1,Dev,26,23,5,0
<35,No,Master,1,Man,0,Dev,7,6,21,1
<35,No,Other,1,Man,1,Dev,10,0,27,1
<35,No,Undergraduate,0,Man,0,Dev,10,4,33,1
<35,No,Other,0,Man,0,Dev,22,11,11,1
<35,No,Other,1,Man,0,Dev,7,3,16,1
>35,No,Other,0,Man,0,Dev,25,20,37,1
>35,No,Undergraduate,1,Man,0,Dev,21,11,7,0
<35,No,Undergraduate,1,Woman,0,NotDev,4,1,18,1
<35,No,Undergraduate,1,Man,0,Dev,6,3,22,1
>35,No,Undergraduate,1,Man,0,Dev,20,14,8,0
<35,No,Other,1,Man,0,NotDev,5,1,7,0
<35,No,Undergraduate,1,Man,0,Dev,15,6,8,0
<35,No,Undergraduate,1,Man,0,Dev,9,6,25,1
<35,No,Undergraduate,1,Man,1,Dev,10,7,21,1
<35,No,Master,1,Man,0,Dev,6,1,8,0
<35,No,Other,1,Man,1,Dev,8,4,9,1
<35,No,Master,1,Woman,0,Dev,8,2,11,0
<35,No,Undergraduate,1,Man,0,Dev,6,5,5,0
<35,No,Undergraduate,1,Man,0,Dev,20,8,10,1
>35,No,Master,1,Man,1,Dev,20,15,11,1
>35,No,Undergraduate,1,Man,0,Dev,21,16,6,0
<35,No,Undergraduate,0,Man,0,Dev,16,12,14,1
<35,No,Undergraduate,1,Man,1,Dev,13,5,19,1
<35,No,Undergraduate,1,Man,0,Dev,20,11,7,0
<35,No,Master,1,Man,0,Dev,12,8,26,1
<35,No,Undergraduate,1,Man,1,Dev,8,1,21,1
<35,No,Undergraduate,1,Man,0,Dev,10,4,7,0
<35,No,Master,1,Man,0,Dev,13,8,19,1
<35,No,Other,1,Man,0,Dev,14,4,22,1
<35,No,Master,1,Man,1,Dev,5,3,24,1
<35,No,Undergraduate,1,Man,1,Dev,7,5,11,1
<35,No,NoHigherEd,1,Man,0,Dev,3,2,5,0
<35,No,Undergraduate,1,Man,0,Dev,12,9,10,1
>35,No,Master,0,Man,0,Dev,34,15,12,1
<35,No,Undergraduate,1,Man,0,Dev,11,7,35,1
>35,No,Undergraduate,0,Man,0,Dev,40,28,13,0
<35,No,NoHigherEd,1,Man,0,Dev,8,1,15,1
>35,No,Undergraduate,1,Man,0,Dev,14,11,6,0
<35,No,Other,1,Man,0,Dev,10,7,6,0
<35,No,Master,1,Man,0,Dev,8,4,10,1
<35,No,Undergraduate,1,Man,0,Dev,10,5,9,0
<35,No,Undergraduate,1,Man,0,NotDev,5,2,18,1
<35,No,Undergraduate,1,Man,0,Dev,10,1,23,1
<35,No,Undergraduate,1,Man,1,Dev,17,11,14,1
>35,No,Undergraduate,1,Man,0,Dev,4,2,16,1
>35,No,PhD,1,Man,0,Dev,26,17,6,0
<35,No,Undergraduate,1,Man,0,Dev,8,4,7,0
<35,No,Undergraduate,1,Man,1,Dev,10,8,27,1
>35,No,Undergraduate,1,Woman,0,Dev,35,27,10,1
>35,No,Master,0,Man,0,Dev,30,27,19,1
>35,No,PhD,1,Man,0,NotDev,15,15,3,0
<35,No,Undergraduate,1,Man,0,Dev,8,3,17,1
<35,No,Undergraduate,1,Man,0,Dev,13,12,4,0
<35,No,Undergraduate,1,Man,1,Dev,7,2,9,0
<35,No,Master,1,Man,1,Dev,11,10,8,1
<35,No,Undergraduate,1,Man,0,Dev,15,6,14,1
<35,No,Undergraduate,0,Man,0,Dev,5,2,13,1
<35,No,Master,0,Man,0,Dev,14,11,22,0
<35,No,Undergraduate,1,Man,0,Dev,16,11,20,1
<35,No,Undergraduate,1,Man,0,Dev,8,4,23,1
<35,No,Undergraduate,1,Man,0,Dev,8,5,9,0
>35,No,Other,1,Man,1,Dev,30,28,19,1
<35,No,Undergraduate,1,Woman,0,Dev,7,6,12,0
>35,No,Undergraduate,1,Man,0,Dev,30,14,17,1
<35,No,Undergraduate,1,Man,1,Dev,6,2,21,1
<35,No,Undergraduate,1,Man,0,Dev,1,2,13,1
<35,No,Undergraduate,1,Man,0,Dev,10,6,33,1
>35,No,Undergraduate,1,Woman,0,Dev,10,8,6,0
>35,No,Undergraduate,1,Man,0,Dev,20,18,9,0
<35,No,Undergraduate,1,Man,1,Dev,5,4,10,0
<35,No,Other,1,Man,0,Dev,4,2,19,1
>35,No,Master,1,Man,1,Dev,23,21,6,0
<35,No,Undergraduate,1,Man,0,Dev,9,8,11,1
<35,No,Master,1,Man,0,Dev,5,2,18,1
<35,No,Undergraduate,1,Man,0,NotDev,3,1,14,0
>35,No,Master,1,Man,0,Dev,10,10,11,1
>35,No,Other,1,Man,0,Dev,25,22,23,1
<35,No,Undergraduate,1,Man,0,Dev,6,1,12,1
<35,No,NoHigherEd,1,Man,0,Dev,7,6,23,1
<35,No,Undergraduate,1,Man,0,Dev,5,0,22,1
<35,No,Undergraduate,1,Man,0,Dev,13,7,13,1
<35,No,Undergraduate,1,Man,0,NotDev,8,6,15,1
<35,No,Master,0,Man,1,Dev,15,10,6,0
<35,No,Undergraduate,1,Man,0,Dev,5,3,12,1
>35,No,Undergraduate,1,Man,0,Dev,36,32,2,0
<35,No,Undergraduate,0,Man,0,Dev,11,8,12,0
>35,No,Master,1,Man,0,NotDev,32,23,2,0
>35,No,PhD,1,Man,0,Dev,21,5,13,1
<35,No,Undergraduate,1,Man,0,Dev,6,4,11,0
<35,No,Other,1,Man,0,Dev,13,9,12,1
>35,No,Undergraduate,0,Man,0,Dev,38,31,7,0
<35,No,Undergraduate,1,Man,1,Dev,13,4,12,0
<35,No,Master,1,Man,1,NotDev,10,5,20,1
<35,No,Master,1,Man,1,Dev,10,5,19,1
<35,No,Undergraduate,1,Man,0,Dev,6,4,18,1
>35,No,Undergraduate,1,Man,0,Dev,25,17,13,0
<35,No,Undergraduate,1,Woman,0,Dev,4,2,10,0
<35,No,Other,1,Man,0,Dev,19,9,23,1
<35,No,Master,1,Man,0,Dev,2,1,17,1
<35,No,Master,1,Man,0,Dev,12,4,9,0
<35,No,NoHigherEd,0,Man,0,Dev,4,0,7,0
<35,No,NoHigherEd,1,Man,0,Dev,2,0,9,1
<35,No,Master,1,Man,0,Dev,7,2,5,0
<35,No,Other,1,Man,0,Dev,20,13,10,0
<35,No,Master,0,Man,0,Dev,17,15,6,1
>35,No,Undergraduate,1,Man,0,Dev,16,12,24,1
<35,No,Undergraduate,1,Man,1,Dev,5,2,23,1
<35,No,Other,1,Man,1,Dev,15,11,15,0
<35,No,Undergraduate,1,Man,0,Dev,8,3,13,0
<35,No,Undergraduate,1,Man,0,Dev,8,2,14,1
<35,No,Master,1,Man,0,Dev,18,13,21,1
<35,No,Undergraduate,1,Man,0,Dev,7,3,14,1
<35,No,Undergraduate,1,Man,0,Dev,10,7,13,1
>35,No,Undergraduate,1,Man,1,Dev,50,35,6,0
>35,No,Undergraduate,1,Man,0,Dev,10,8,9,0
<35,No,Other,0,Man,1,Dev,14,13,10,1
<35,No,Master,1,Man,0,NotDev,13,6,21,1
<35,Yes,Undergraduate,1,Man,0,Dev,12,6,14,1
<35,No,Undergraduate,1,Man,0,Dev,9,5,17,1
>35,No,Master,1,Man,0,NotDev,25,20,11,0
>35,No,Undergraduate,1,Man,0,NotDev,21,17,9,1
<35,No,Other,1,Man,1,Dev,15,9,23,0
<35,No,Master,1,Man,0,Dev,12,7,9,0
<35,No,Master,1,Man,0,Dev,4,2,11,0
>35,No,Master,1,Man,1,Dev,20,12,14,1
<35,No,NoHigherEd,1,Man,1,Dev,5,0,10,1
<35,No,Undergraduate,1,Man,0,Dev,20,13,12,0
>35,No,Other,1,Man,0,Dev,10,9,11,1
<35,No,Undergraduate,1,Man,0,Dev,12,8,6,0
>35,No,Master,0,Man,0,Dev,21,16,17,1
>35,No,Master,1,Man,1,Dev,12,9,9,0
>35,No,Undergraduate,1,Man,1,NotDev,21,18,6,0
<35,No,Undergraduate,1,Man,0,Dev,10,4,19,1
>35,No,Undergraduate,1,Man,0,Dev,23,13,18,1
<35,No,Undergraduate,1,Man,0,Dev,16,6,7,0
<35,No,Undergraduate,1,Man,0,Dev,12,7,10,1
>35,No,Master,1,Man,1,Dev,30,20,6,0
<35,No,Undergraduate,0,Man,0,NotDev,12,9,8,0
<35,No,Undergraduate,1,Man,1,Dev,11,9,9,0
>35,No,PhD,1,Man,0,Dev,24,8,8,0
<35,No,Undergraduate,1,Man,0,Dev,8,3,17,1
>35,No,Other,0,Man,0,Dev,40,35,4,0
>35,No,Undergraduate,0,Man,0,NotDev,21,21,21,1
<35,No,Master,1,Man,0,NotDev,12,8,2,0
<35,No,Other,0,Man,1,Dev,12,9,18,1
>35,No,Undergraduate,1,Man,0,Dev,18,8,15,1
<35,No,Undergraduate,1,Man,1,Dev,11,8,14,0
<35,No,Other,0,Man,0,Dev,2,0,7,0
<35,No,Undergraduate,1,Man,0,Dev,5,2,8,1
<35,No,Master,1,Man,0,Dev,8,6,22,1
>35,No,Undergraduate,1,Man,1,Dev,21,16,28,1
<35,No,Undergraduate,1,Woman,0,Dev,7,4,11,1
<35,No,Other,1,Man,1,Dev,10,5,14,0
>35,No,Undergraduate,1,Man,0,NotDev,40,34,7,0
>35,No,Other,1,Man,1,Dev,12,10,7,0
>35,No,Undergraduate,0,Man,0,Dev,6,4,17,1
<35,No,Other,0,Man,1,NotDev,6,4,10,0
<35,No,Undergraduate,1,Man,0,Dev,4,1,13,0
<35,No,Master,1,Man,0,Dev,9,8,11,0
>35,No,Undergraduate,1,Man,0,Dev,12,8,7,0
<35,No,Master,1,Woman,1,NotDev,15,5,1,0
>35,No,Undergraduate,1,Man,0,Dev,20,3,15,1
<35,No,Other,1,Man,0,Dev,4,8,25,1
>35,No,Undergraduate,1,Man,0,Dev,47,25,16,0
<35,No,Undergraduate,1,Man,0,Dev,7,5,13,0
<35,No,Undergraduate,1,Man,0,Dev,10,5,13,1
>35,No,NoHigherEd,1,Man,0,Dev,22,13,13,1
<35,No,Master,1,Man,0,Dev,6,1,8,0
<35,No,Undergraduate,1,Man,0,Dev,7,4,16,0
>35,No,Undergraduate,1,Man,0,NotDev,30,20,8,0
>35,No,Master,1,Man,0,Dev,15,13,15,1
<35,No,Undergraduate,1,Woman,0,Dev,3,2,7,0
<35,No,Undergraduate,1,Man,1,Dev,10,3,14,1
>35,No,Undergraduate,1,Man,1,Dev,22,20,15,1
<35,No,Undergraduate,1,Man,0,Dev,11,6,18,1
<35,No,Master,1,Man,0,Dev,27,13,9,0
<35,No,Other,1,Man,0,Dev,3,2,28,1
<35,No,Undergraduate,1,Man,0,Dev,10,5,4,0
<35,No,Other,1,Man,0,Dev,0,0,12,1
>35,No,Master,0,Man,0,Dev,20,15,19,1
<35,No,Undergraduate,1,Woman,1,Dev,20,5,19,1
<35,No,Undergraduate,1,Man,0,Dev,8,0,7,0
>35,No,Undergraduate,1,Man,0,NotDev,34,34,15,0
<35,No,Other,1,Woman,1,Dev,3,2,16,1
<35,No,Undergraduate,1,Man,1,Dev,18,9,11,0
<35,No,Master,1,Man,0,Dev,10,5,12,1
<35,No,Other,1,Man,1,Dev,7,7,8,0
<35,No,Undergraduate,1,Man,0,Dev,8,2,6,0
<35,No,Master,1,Man,0,Dev,12,8,16,0
<35,No,Master,1,Man,1,Dev,10,7,20,0
<35,No,Undergraduate,1,Man,0,Dev,5,2,17,1
>35,No,Other,1,Man,0,Dev,19,16,9,1
>35,No,Undergraduate,1,Man,1,Dev,35,25,22,1
>35,No,Undergraduate,1,NonBinary,1,Dev,35,23,7,0
<35,No,Master,1,Man,0,Dev,18,13,22,1
<35,No,Undergraduate,1,Man,0,Dev,5,1,3,0
<35,No,Other,0,Man,0,Dev,7,4,15,1
<35,No,Undergraduate,1,Man,0,Dev,8,4,18,1
>35,No,Other,1,Man,1,NotDev,40,23,19,1
<35,No,Master,1,Man,0,NotDev,9,4,11,0
>35,No,Undergraduate,1,Man,0,Dev,24,22,12,0
<35,No,Master,1,Man,0,Dev,19,5,13,0
<35,No,Undergraduate,1,Man,0,Dev,2,1,10,0
<35,No,Undergraduate,1,Man,0,Dev,12,7,7,1
>35,No,Undergraduate,1,Man,0,Dev,10,8,6,0
<35,No,Master,1,Man,1,Dev,2,0,11,1
>35,No,Undergraduate,1,Man,0,Dev,24,16,10,0
<35,No,NoHigherEd,1,Man,0,Dev,5,3,6,0
<35,No,Undergraduate,1,Man,0,Dev,6,4,10,0
<35,No,Undergraduate,0,NonBinary,1,Dev,6,3,12,1
>35,No,Undergraduate,1,Man,0,Dev,29,25,23,1
>35,No,Other,1,Man,0,Dev,34,20,15,1
>35,No,PhD,0,Man,0,Dev,42,30,5,0
>35,No,NoHigherEd,0,Man,0,Dev,40,25,1,0
>35,No,NoHigherEd,1,Man,0,Dev,16,16,32,1
<35,No,Undergraduate,1,Man,0,Dev,6,4,11,0
<35,No,Master,1,Man,0,Dev,14,8,4,0
<35,No,Master,1,Man,0,Dev,5,3,7,1
<35,No,Undergraduate,1,Man,1,Dev,15,6,9,1
>35,Yes,Master,1,Man,0,Dev,18,10,5,0
<35,No,Other,1,Man,1,Dev,8,6,30,1
<35,No,NoHigherEd,1,Woman,1,Dev,41,8,1,0
<35,No,Master,1,Man,1,Dev,7,2,2,0
<35,No,Undergraduate,1,Man,0,Dev,11,5,14,1
>35,No,Other,1,Man,0,Dev,22,18,12,1
<35,No,Master,1,Woman,0,Dev,3,2,13,0
<35,No,Undergraduate,1,Woman,1,Dev,18,10,24,1
<35,No,Undergraduate,0,Man,0,Dev,1,0,23,1
>35,No,Undergraduate,1,Man,0,Dev,50,40,4,0
>35,No,Undergraduate,1,Man,0,Dev,5,5,4,0
>35,No,Undergraduate,1,Man,0,Dev,30,21,36,1
<35,No,Other,1,Man,0,Dev,6,3,19,1
>35,No,Undergraduate,1,Man,0,Dev,32,21,20,1
<35,No,Undergraduate,1,Man,1,Dev,12,3,14,0
<35,No,Undergraduate,1,Woman,0,Dev,4,1,9,0
<35,No,NoHigherEd,1,Man,0,Dev,4,0,16,1
>35,No,Undergraduate,1,Man,0,Dev,20,20,8,1
<35,No,Undergraduate,1,Man,0,Dev,4,3,7,0
<35,No,Master,1,Man,0,Dev,9,3,17,1
>35,No,Master,1,Man,0,Dev,20,13,14,1
>35,No,Undergraduate,1,Man,0,Dev,21,17,11,1
<35,No,Undergraduate,1,Man,0,Dev,4,3,21,1
>35,No,Other,1,Man,1,Dev,36,5,11,0
<35,No,Master,1,Man,0,Dev,5,4,9,1
<35,No,Other,1,Man,0,Dev,15,12,22,1
<35,No,Undergraduate,1,Man,1,Dev,8,3,6,0
<35,No,Master,1,Man,0,Dev,10,4,14,0
>35,No,PhD,1,Man,0,Dev,23,12,9,0
>35,No,Master,1,Man,0,Dev,16,9,17,1
>35,No,Master,1,Man,0,Dev,32,16,14,0
>35,No,PhD,1,Man,0,NotDev,30,12,7,0
<35,No,Undergraduate,1,Man,0,Dev,11,5,7,0
<35,Yes,Undergraduate,1,Man,0,Dev,15,9,16,1
<35,No,Undergraduate,0,Man,0,Dev,18,11,9,0
<35,No,Undergraduate,1,Man,0,Dev,9,6,15,1
>35,No,Master,1,Man,0,Dev,23,20,5,0
>35,No,Other,1,Man,0,Dev,30,15,15,1
<35,No,Undergraduate,1,Man,0,Dev,3,2,23,1
<35,No,PhD,0,Man,0,Dev,7,2,14,1
<35,No,Master,1,Man,0,NotDev,8,5,9,0
>35,No,Master,1,Man,0,Dev,17,11,12,1
<35,No,Other,0,Man,0,Dev,10,3,22,1
<35,No,Undergraduate,1,Man,1,Dev,10,4,16,1
>35,No,Undergraduate,1,Man,0,Dev,6,5,13,1
<35,No,Master,1,Man,0,Dev,3,2,10,0
>35,No,Master,1,Man,0,Dev,17,15,8,0
<35,No,Undergraduate,1,Man,0,Dev,20,10,14,0
>35,No,Undergraduate,1,Man,1,Dev,25,12,9,0
>35,No,Undergraduate,1,Man,0,Dev,35,25,16,1
>35,No,Undergraduate,1,Man,0,NotDev,28,24,17,0
<35,No,Undergraduate,1,Man,0,Dev,15,8,4,0
>35,No,Undergraduate,1,Man,0,Dev,17,10,9,1
<35,No,Master,0,Man,0,Dev,12,9,21,1
<35,No,Undergraduate,1,Man,0,Dev,15,3,14,1
<35,Yes,Undergraduate,1,Man,1,Dev,14,5,5,0
>35,No,Undergraduate,1,Man,0,Dev,13,13,6,0
>35,No,Undergraduate,1,Man,0,Dev,33,18,10,0
>35,No,Undergraduate,1,Man,0,Dev,28,20,14,1
<35,No,Master,1,Man,0,Dev,26,4,11,0
<35,No,Undergraduate,1,Man,0,Dev,0,0,5,0
<35,No,Master,1,Man,0,Dev,12,6,9,0
>35,No,Other,1,Man,0,Dev,40,30,7,1
>35,No,Other,0,Man,0,Dev,25,23,9,0
<35,No,Undergraduate,1,Man,0,Dev,18,10,15,0
<35,No,Undergraduate,1,Man,0,NotDev,8,5,16,0
>35,No,Master,1,Man,0,Dev,30,4,11,0
>35,No,Undergraduate,1,Man,1,Dev,14,10,10,0
>35,No,Master,1,Man,0,Dev,37,15,8,0
<35,No,Undergraduate,1,Man,0,Dev,13,5,23,1
<35,No,Undergraduate,1,Man,0,Dev,5,3,15,0
<35,No,Undergraduate,1,Man,0,Dev,14,7,11,0
<35,No,Undergraduate,1,NonBinary,0,Dev,5,1,16,1
<35,No,PhD,1,Man,0,Dev,11,8,13,1
<35,No,Master,1,Man,0,Dev,8,5,13,0
<35,No,Master,0,Man,0,Dev,10,5,17,0
<35,No,Undergraduate,1,Man,1,NotDev,5,1,20,1
>35,No,Undergraduate,0,Man,0,Dev,16,10,12,1
<35,No,Other,1,Man,0,Dev,10,6,16,0
<35,No,Undergraduate,1,Man,0,NotDev,2,2,6,0
<35,No,Other,1,Man,0,Dev,10,4,22,1
>35,No,Undergraduate,1,Man,0,Dev,22,16,14,1
>35,No,Undergraduate,1,Man,0,Dev,50,48,5,0
<35,No,Master,1,Man,0,Dev,2,8,10,1
>35,No,Other,1,Man,1,NotDev,23,21,32,1
>35,No,Master,1,Man,0,Dev,29,23,3,0
<35,No,Undergraduate,1,Woman,1,Dev,2,0,12,0
>35,No,Undergraduate,1,Man,0,Dev,22,20,10,0
<35,No,Master,1,Woman,0,Dev,15,11,21,1
<35,No,Undergraduate,1,Man,1,Dev,16,11,28,1
<35,No,Undergraduate,0,Man,0,Dev,10,8,5,0
>35,No,Undergraduate,1,Man,1,Dev,18,10,18,1
<35,No,Master,1,Man,0,Dev,9,5,15,1
<35,No,Undergraduate,1,Man,0,Dev,14,10,12,1
>35,No,Undergraduate,1,Man,0,Dev,32,32,2,0
<35,No,Undergraduate,1,Woman,0,Dev,15,9,3,0
>35,No,Undergraduate,0,Man,0,Dev,25,18,13,1
<35,No,Master,1,Man,0,Dev,9,5,9,0
<35,No,Master,1,NonBinary,1,Dev,15,10,7,1
<35,No,Undergraduate,1,Man,0,Dev,5,3,13,1
<35,No,Undergraduate,1,Man,1,Dev,9,4,18,1
<35,No,Undergraduate,1,Man,1,Dev,8,2,20,1
<35,No,Other,1,Man,0,Dev,11,0,14,0
<35,No,Other,1,Man,0,NotDev,2,1,14,1
<35,No,Undergraduate,1,Man,0,Dev,15,11,9,0
<35,No,Undergraduate,1,Man,0,Dev,18,11,19,1
<35,No,Undergraduate,1,Man,0,Dev,4,3,5,0
<35,No,Undergraduate,0,Woman,0,Dev,6,4,8,0
<35,No,Master,1,Man,0,Dev,15,7,14,1
<35,No,Undergraduate,0,Man,0,Dev,3,2,14,1
>35,No,Undergraduate,1,Man,0,Dev,15,13,17,0
<35,No,Master,1,Man,0,Dev,13,0,14,1
<35,No,Master,0,Man,0,NotDev,6,5,18,1
<35,No,Master,1,Man,0,Dev,11,6,6,0
>35,No,Master,1,Man,0,Dev,13,10,21,1
<35,No,Undergraduate,1,Man,0,Dev,6,2,9,0
>35,Yes,Other,0,Man,1,Dev,21,15,16,1
<35,No,Undergraduate,1,Man,0,Dev,18,8,8,0
>35,No,Undergraduate,1,Man,0,Dev,34,24,15,1
<35,No,Other,0,Man,0,Dev,20,13,27,1
>35,No,Undergraduate,1,Man,0,Dev,21,11,10,0
>35,No,PhD,1,Man,0,Dev,25,23,13,1
<35,No,Undergraduate,1,Man,1,Dev,6,5,10,0
<35,No,Undergraduate,1,Woman,1,Dev,7,2,19,0
<35,No,Undergraduate,1,Man,0,Dev,12,7,12,0
<35,No,Undergraduate,1,Man,0,Dev,5,2,11,0
<35,No,Undergraduate,1,Man,1,NotDev,8,3,17,0
<35,No,Undergraduate,1,Man,0,Dev,3,1,22,1
<35,No,Other,0,Man,1,Dev,3,0,12,1
>35,No,Master,1,Man,0,Dev,18,13,10,1
<35,No,Undergraduate,1,Woman,0,Dev,12,7,14,1
>35,No,Undergraduate,1,Man,0,Dev,30,18,17,1
<35,No,Master,1,Man,0,Dev,11,8,10,0
<35,No,Undergraduate,1,Man,0,Dev,14,8,15,1
<35,No,Undergraduate,1,Man,0,Dev,4,2,24,1
>35,No,PhD,0,Man,0,Dev,30,30,1,0
<35,Yes,PhD,1,Man,1,NotDev,9,4,10,0
<35,No,Undergraduate,1,Man,0,Dev,6,2,9,0
<35,No,Master,0,Man,0,Dev,8,5,8,0
<35,No,Other,1,Man,0,Dev,8,6,9,0
<35,No,Master,1,Man,0,Dev,9,4,15,1
>35,No,Master,1,Man,0,Dev,7,5,13,1
<35,No,Undergraduate,1,Man,0,NotDev,4,2,13,0
<35,No,NoHigherEd,1,Man,0,Dev,2,0,8,0
<35,No,Master,1,Man,0,Dev,13,8,6,0
<35,No,Undergraduate,1,Man,0,Dev,10,7,8,0
<35,No,Master,1,Man,0,Dev,6,6,14,0
>35,No,Master,1,Man,1,Dev,23,13,5,0
<35,No,Other,1,NonBinary,0,Dev,11,4,8,1
<35,No,Undergraduate,1,Man,0,Dev,6,3,20,1
<35,No,Undergraduate,1,Man,0,Dev,12,8,12,1
<35,No,NoHigherEd,1,Man,0,Dev,5,5,12,0
>35,No,Master,1,Man,1,Dev,25,20,15,0
<35,No,Undergraduate,0,Man,0,Dev,2,1,9,1
<35,No,Master,1,Man,1,Dev,12,10,10,1
<35,No,Other,1,Man,0,Dev,6,4,42,1
>35,No,Master,1,Man,0,Dev,15,7,19,1
<35,No,Other,1,Man,0,Dev,6,1,8,0
>35,No,PhD,1,Man,0,Dev,16,14,9,0
<35,No,Undergraduate,1,Man,0,Dev,4,4,14,1
>35,No,Other,1,Man,1,Dev,25,18,12,0
<35,No,Undergraduate,1,Man,0,Dev,15,11,30,1
>35,No,Master,1,Man,0,Dev,20,17,5,0
<35,No,Undergraduate,1,Man,0,Dev,13,6,13,1
>35,No,Undergraduate,1,Woman,1,NotDev,23,20,9,0
<35,No,Master,1,Man,0,Dev,13,7,18,1
>35,No,Master,1,Man,0,NotDev,7,7,9,0
>35,Yes,Undergraduate,1,Man,0,NotDev,5,1,5,0
>35,No,Master,1,Man,1,Dev,17,11,2,0
<35,No,Master,1,Woman,0,NotDev,6,2,9,0
<35,No,Undergraduate,1,Man,0,Dev,11,7,33,1
<35,No,Master,1,Woman,0,Dev,7,2,6,0
<35,No,PhD,1,Man,1,Dev,20,9,13,1
<35,No,Master,1,Man,0,Dev,10,5,3,0
<35,No,Undergraduate,1,Man,0,Dev,8,4,11,1
<35,No,Undergraduate,0,Man,1,Dev,5,2,13,0
>35,No,Undergraduate,1,Man,0,Dev,31,27,7,0
<35,No,Master,1,Man,0,NotDev,8,2,16,1
<35,No,Undergraduate,1,NonBinary,0,Dev,10,5,18,0
<35,No,Other,1,Man,0,Dev,9,3,10,0
<35,No,Undergraduate,1,Man,0,Dev,7,4,13,0
<35,No,Master,1,Man,0,Dev,9,1,6,0
>35,No,Master,1,Man,0,Dev,25,16,3,0
<35,No,Master,1,Man,0,Dev,15,7,3,0
<35,No,Other,1,Man,0,Dev,6,3,15,1
>35,No,Undergraduate,1,Man,0,Dev,6,12,14,1
>35,No,Undergraduate,1,Man,0,Dev,16,13,12,1
<35,No,Other,1,Man,0,Dev,12,4,13,0
<35,No,Undergraduate,1,Man,0,Dev,8,4,2,0
<35,No,Master,1,Man,0,Dev,11,6,19,1
>35,No,PhD,1,Man,0,NotDev,35,20,4,0
>35,No,Undergraduate,1,Man,0,Dev,13,10,6,0
>35,No,Undergraduate,1,Man,0,Dev,34,39,19,1
<35,No,Undergraduate,1,Man,0,Dev,10,2,8,0
<35,No,Undergraduate,1,Man,0,Dev,9,6,13,1
>35,No,Undergraduate,1,Man,0,Dev,4,4,16,0
<35,No,Undergraduate,1,Man,0,Dev,13,8,5,0
>35,No,Undergraduate,1,Man,0,Dev,20,16,15,1
>35,No,Undergraduate,1,Man,0,Dev,27,10,7,0
>35,No,Undergraduate,1,Man,0,Dev,45,30,26,1
<35,No,Other,1,Man,1,Dev,10,4,28,1
<35,No,Master,1,Man,0,Dev,3,1,12,1
>35,No,PhD,1,Man,0,NotDev,25,22,15,1
>35,No,Undergraduate,1,Man,1,Dev,24,16,15,1
>35,No,Undergraduate,1,Man,0,NotDev,30,27,13,1
<35,No,Undergraduate,1,Man,0,Dev,13,12,25,1
>35,No,Undergraduate,0,Man,0,Dev,38,25,6,0
<35,No,Undergraduate,1,Woman,0,Dev,14,14,9,1
<35,No,Master,1,Man,0,Dev,9,6,16,0
<35,No,Undergraduate,1,Woman,0,Dev,16,12,4,0
<35,No,Undergraduate,1,Man,0,Dev,3,2,20,1
>35,No,PhD,1,Man,1,Dev,20,16,12,1
>35,No,Undergraduate,1,Man,0,Dev,40,25,12,0
<35,No,Other,1,Man,0,Dev,4,3,9,0
<35,No,Undergraduate,0,Man,0,Dev,12,11,18,0
<35,No,Undergraduate,1,Man,0,Dev,8,4,10,0
<35,No,Master,1,Man,0,Dev,10,4,7,0
<35,No,Other,1,Man,0,Dev,6,4,9,0
<35,No,Undergraduate,1,Man,0,Dev,8,2,7,1
<35,No,Other,1,Man,0,Dev,6,3,16,1
<35,No,Other,1,Man,0,Dev,5,2,11,1
>35,No,Master,1,Man,1,Dev,23,12,9,0
>35,No,Undergraduate,1,Man,0,Dev,22,17,14,1
<35,No,Undergraduate,1,Man,0,Dev,18,13,16,1
<35,No,Undergraduate,1,Man,1,Dev,12,6,20,0
<35,No,Undergraduate,1,Woman,0,Dev,8,2,11,1
<35,No,Undergraduate,1,Man,0,Dev,0,0,4,0
<35,No,Undergraduate,1,Man,1,Dev,16,13,5,1
<35,No,Undergraduate,1,Woman,1,Dev,11,6,12,1
<35,No,Undergraduate,1,Man,0,Dev,16,9,13,1
<35,No,Other,1,Man,0,Dev,2,0,14,0
>35,No,Undergraduate,1,Man,0,Dev,6,6,9,1
<35,No,Undergraduate,1,Man,0,Dev,5,2,5,0
>35,No,Undergraduate,1,Man,0,Dev,41,32,17,1
<35,No,Undergraduate,1,Man,0,Dev,11,5,12,1
<35,No,Undergraduate,1,Man,1,Dev,6,2,8,0
<35,No,Undergraduate,1,Man,0,Dev,12,8,27,1
>35,No,Other,1,NonBinary,0,Dev,15,10,25,1
<35,No,Master,1,Man,0,Dev,5,4,17,1
>35,No,Undergraduate,0,Man,0,Dev,35,28,19,1
>35,No,Undergraduate,1,Man,0,Dev,15,9,19,1
<35,No,Master,1,Woman,1,Dev,10,4,15,1
<35,No,NoHigherEd,0,Man,0,Dev,4,2,25,1
<35,No,Undergraduate,1,NonBinary,0,Dev,14,10,15,0
<35,No,Undergraduate,1,Man,0,Dev,5,3,6,0
>35,No,Master,1,Man,0,Dev,25,17,27,1
<35,No,Master,1,Man,0,Dev,10,6,25,1
<35,No,Undergraduate,1,Man,0,Dev,17,10,13,0
<35,No,Undergraduate,1,Man,0,Dev,9,4,13,1
>35,No,Undergraduate,1,Man,1,Dev,3,0,21,1
>35,No,Undergraduate,1,Man,1,Dev,12,8,10,0
<35,No,Undergraduate,1,Man,0,NotDev,1,0,7,0
<35,No,Undergraduate,1,Man,0,Dev,6,6,17,1
<35,No,Undergraduate,1,Man,0,Dev,13,8,12,1
<35,No,Master,1,Woman,0,Dev,12,3,1,0
<35,No,Master,1,Man,0,Dev,1,0,17,1
<35,No,NoHigherEd,0,Man,0,Dev,3,1,11,0
>35,No,Undergraduate,1,Man,0,Dev,25,25,9,0
>35,No,Undergraduate,1,Man,0,Dev,25,12,8,1
>35,No,Undergraduate,1,Man,0,Dev,3,2,5,0
>35,No,Undergraduate,1,Man,0,Dev,27,19,9,1
<35,No,Undergraduate,1,Man,0,Dev,8,4,5,0
<35,No,Undergraduate,1,Man,0,Dev,7,3,13,1
<35,No,NoHigherEd,1,Woman,1,Dev,7,7,21,1
<35,No,Undergraduate,1,Man,0,Dev,4,3,30,1
<35,No,Undergraduate,1,Man,0,Dev,11,5,19,1
<35,No,Undergraduate,1,Man,1,Dev,19,15,22,1
<35,No,Undergraduate,1,Man,1,Dev,8,5,20,1
>35,No,Other,1,Man,0,Dev,20,15,14,1
<35,No,Undergraduate,1,Man,0,NotDev,2,2,1,0
<35,No,Undergraduate,1,Man,0,Dev,7,3,9,0
<35,No,Other,1,Man,0,Dev,17,11,20,1
>35,No,PhD,1,Man,0,NotDev,36,33,2,0
>35,No,Other,0,Man,0,Dev,30,22,32,1
>35,No,Undergraduate,1,Man,1,Dev,45,39,19,1
<35,No,Undergraduate,1,Man,1,Dev,6,0,12,1
<35,Yes,NoHigherEd,0,Man,1,Dev,6,4,16,1
<35,No,Undergraduate,1,Man,0,Dev,7,3,11,1
>35,No,Undergraduate,1,Man,0,Dev,30,17,25,1
>35,No,Other,1,Man,0,Dev,20,18,9,1
<35,No,Undergraduate,1,Man,1,Dev,17,8,21,1
>35,No,PhD,1,Man,0,NotDev,25,20,17,1
>35,No,PhD,0,Woman,1,Dev,30,20,10,0
<35,No,Undergraduate,1,Man,0,Dev,12,7,18,1
>35,No,Undergraduate,0,Man,1,Dev,27,24,11,1
<35,No,PhD,1,Man,1,NotDev,6,3,11,0
>35,No,Undergraduate,1,Man,1,Dev,20,15,14,0
>35,No,Master,1,Man,0,Dev,25,20,14,0
<35,No,Undergraduate,1,Man,0,Dev,12,8,9,0
<35,No,Master,1,Man,0,Dev,17,12,25,1
<35,No,Master,1,Man,0,Dev,8,1,10,0
>35,No,Undergraduate,1,Man,1,Dev,27,13,8,0
>35,No,Undergraduate,1,Man,0,Dev,20,15,20,1
<35,No,NoHigherEd,0,Man,1,Dev,2,1,14,0
<35,No,Undergraduate,1,Man,0,Dev,9,5,10,1
>35,No,Master,0,Man,0,Dev,20,15,13,1
>35,No,PhD,1,Man,0,NotDev,30,10,16,1
<35,No,Undergraduate,1,Man,0,Dev,16,12,21,1
<35,No,Undergraduate,1,Man,0,Dev,12,7,24,1
>35,No,NoHigherEd,1,Man,0,Dev,31,26,9,0
<35,No,Undergraduate,1,Woman,0,Dev,8,3,10,0
>35,No,Master,1,Man,0,Dev,19,15,10,0
>35,No,Master,1,Man,0,Dev,26,24,12,0
<35,No,NoHigherEd,1,Man,0,Dev,1,0,5,0
>35,No,Master,1,Woman,1,Dev,8,4,22,1
>35,No,NoHigherEd,1,Man,1,Dev,25,17,13,1
<35,No,Undergraduate,1,Man,0,Dev,5,2,6,0
>35,No,Undergraduate,1,Man,1,Dev,6,3,12,0
<35,No,Other,1,Man,1,Dev,4,3,11,0
<35,No,Undergraduate,0,Man,0,Dev,3,0,13,0
<35,No,Other,1,Man,0,NotDev,11,2,6,1
>35,No,Undergraduate,1,Man,0,Dev,13,13,10,1
<35,No,PhD,1,Man,0,NotDev,10,6,4,0
<35,No,Undergraduate,1,Man,1,Dev,5,1,15,1
<35,No,Undergraduate,1,Man,0,NotDev,6,3,24,1
<35,No,Master,1,Man,0,Dev,16,12,9,0
>35,No,Undergraduate,1,Woman,0,Dev,25,20,4,0
<35,No,Undergraduate,1,Man,0,Dev,10,5,9,0
>35,No,Master,1,Man,0,Dev,12,10,6,0
<35,No,Master,1,Man,0,Dev,20,10,6,0
<35,No,Master,1,Man,0,Dev,12,2,13,1
>35,No,Undergraduate,1,Man,0,Dev,40,35,9,0
<35,No,Undergraduate,1,Man,0,Dev,9,8,10,0
<35,No,Undergraduate,1,Man,0,Dev,10,6,20,1
<35,No,Master,1,Man,0,Dev,9,4,3,0
<35,No,Undergraduate,1,Man,0,Dev,12,6,7,0
>35,No,Undergraduate,1,Man,1,Dev,40,32,6,0
<35,No,Master,1,Man,0,Dev,16,12,19,1
<35,No,Other,1,Man,0,Dev,10,9,15,1
<35,No,Undergraduate,0,Man,1,Dev,15,9,28,1
>35,Yes,Other,1,NonBinary,1,Dev,20,15,5,0
<35,No,Master,1,Woman,0,Dev,8,3,12,1
<35,No,Undergraduate,1,Man,0,Dev,14,7,9,0
<35,No,Undergraduate,1,Man,0,Dev,12,5,11,1
<35,No,Undergraduate,1,Man,0,Dev,5,3,14,0
<35,No,Undergraduate,1,Woman,1,NotDev,10,3,16,1
>35,No,Undergraduate,1,Man,0,Dev,35,21,31,1
<35,No,PhD,0,Man,0,NotDev,10,5,5,0
>35,No,Other,0,Man,0,NotDev,20,20,10,1
>35,No,Undergraduate,0,Man,0,Dev,35,28,6,0
>35,No,Undergraduate,1,Man,0,Dev,19,10,7,0
<35,No,Undergraduate,1,Man,0,Dev,10,6,12,0
<35,No,NoHigherEd,0,Woman,1,Dev,6,3,6,0
<35,No,Other,0,Man,0,Dev,4,1,9,0
<35,No,PhD,0,Woman,0,NotDev,12,7,15,1
>35,No,Master,0,Man,0,Dev,12,12,14,1
<35,No,Other,1,Man,1,Dev,15,12,19,1
>35,No,Undergraduate,1,Man,1,Dev,39,30,2,0
<35,No,Undergraduate,1,Man,0,Dev,10,5,3,0
<35,No,Other,1,Man,0,Dev,10,9,15,0
<35,No,Other,1,Man,0,Dev,4,2,13,0
<35,No,Other,1,Man,0,Dev,3,2,14,1
<35,No,Undergraduate,1,Man,1,Dev,5,1,7,0
>35,No,NoHigherEd,1,Man,0,Dev,15,15,2,0
<35,No,Undergraduate,1,Man,0,Dev,14,8,11,0
<35,No,Master,1,Man,0,Dev,14,4,7,1
>35,No,Undergraduate,0,Man,0,Dev,18,9,14,1
<35,No,Master,1,Man,0,Dev,11,6,12,0
<35,No,PhD,1,Man,1,NotDev,12,4,1,0
<35,No,Other,1,Woman,1,Dev,16,5,14,1
<35,No,Master,1,Man,0,Dev,15,9,2,0
<35,No,Undergraduate,1,Man,0,Dev,5,0,18,0
<35,No,Undergraduate,1,Man,0,Dev,6,2,8,0
<35,No,NoHigherEd,1,Man,0,Dev,10,4,11,0
<35,No,Undergraduate,1,Man,1,NotDev,6,1,7,0
>35,No,Undergraduate,1,Man,0,Dev,39,21,3,0
<35,No,NoHigherEd,0,Man,0,Dev,17,9,15,0
<35,No,Master,1,Man,0,Dev,6,4,4,0
<35,No,Master,1,Man,0,Dev,13,13,6,0
<35,No,Master,0,Man,0,Dev,14,10,16,1
<35,No,Undergraduate,1,Man,0,Dev,8,6,5,0
>35,Yes,Undergraduate,1,NonBinary,1,Dev,13,10,10,0
<35,No,Undergraduate,1,Man,0,Dev,9,3,31,1
<35,No,Master,1,Man,0,Dev,7,3,3,0
<35,No,Other,1,Man,0,Dev,14,10,23,1
>35,No,Undergraduate,1,Man,0,Dev,32,21,8,0
>35,No,Other,1,Man,1,Dev,20,14,9,0
<35,No,Master,1,Man,0,Dev,8,3,17,0
<35,Yes,Undergraduate,1,Man,0,Dev,15,7,14,1
<35,No,Undergraduate,1,Man,0,Dev,13,9,3,0
<35,No,Undergraduate,0,Man,0,Dev,10,5,18,1
<35,No,Master,1,Man,0,Dev,10,1,18,1
>35,No,Undergraduate,1,Man,0,Dev,30,22,7,1
<35,No,Undergraduate,1,Man,0,Dev,11,7,6,0
>35,No,Other,1,Man,0,NotDev,19,10,4,0
<35,No,Undergraduate,1,Man,1,Dev,10,4,23,1
>35,No,Undergraduate,1,Man,0,Dev,15,20,25,1
<35,No,Undergraduate,1,Man,0,Dev,10,8,6,0
>35,No,Other,1,Man,1,Dev,15,10,26,1
<35,No,Undergraduate,0,Man,0,Dev,9,2,17,1
<35,No,Master,1,Man,0,Dev,0,0,12,0
<35,No,Undergraduate,1,Man,0,Dev,10,6,9,0
<35,No,Master,1,Man,0,Dev,8,3,24,1
>35,No,Undergraduate,0,Man,0,NotDev,38,36,4,0
>35,No,Undergraduate,1,Man,0,Dev,32,18,16,1
<35,No,Undergraduate,0,Man,0,Dev,9,6,18,1
>35,No,Undergraduate,1,Woman,0,Dev,20,17,16,1
>35,No,Master,1,Man,0,Dev,39,29,9,1
<35,No,Undergraduate,1,NonBinary,1,Dev,6,6,17,1
<35,Yes,Undergraduate,1,NonBinary,0,Dev,20,12,13,1
>35,No,Master,1,Man,0,Dev,30,20,15,1
>35,No,Master,1,Man,0,Dev,20,12,9,0
>35,No,Undergraduate,1,NonBinary,0,Dev,21,19,13,0
<35,No,Other,1,Man,0,Dev,6,4,10,0
>35,No,Master,0,Woman,1,Dev,6,2,8,1
<35,No,Undergraduate,1,Man,1,Dev,12,5,9,0
<35,No,Undergraduate,0,NonBinary,1,Dev,6,0,2,0
<35,No,Other,1,Man,0,Dev,12,8,27,1
<35,No,Other,1,Man,0,Dev,8,3,16,0
<35,No,Undergraduate,1,Man,1,Dev,10,5,17,1
<35,No,Undergraduate,1,Man,0,Dev,4,3,16,1
<35,No,Master,1,Man,1,NotDev,12,7,15,1
<35,No,Undergraduate,1,Man,0,Dev,7,3,12,0
>35,No,Undergraduate,1,Man,0,Dev,30,25,19,1
>35,No,Master,0,Man,0,Dev,20,12,13,0
>35,No,Master,1,Man,0,Dev,40,28,9,0
>35,No,Undergraduate,1,Man,0,Dev,23,21,16,0
<35,No,Undergraduate,1,Man,0,Dev,6,6,13,1
<35,No,Undergraduate,1,Man,0,Dev,7,3,22,1
>35,No,Undergraduate,1,Man,0,Dev,30,19,8,0
>35,No,Master,1,Man,0,Dev,25,12,13,1
>35,No,Undergraduate,1,Woman,1,Dev,3,3,7,0
<35,No,Undergraduate,1,Man,0,Dev,6,0,15,0
>35,No,NoHigherEd,1,Man,0,Dev,30,22,33,1
>35,No,NoHigherEd,1,Man,1,Dev,20,8,5,0
<35,No,Undergraduate,1,Man,0,Dev,6,0,20,1
<35,No,Undergraduate,1,Woman,0,Dev,6,1,16,1
<35,No,Undergraduate,1,Man,1,Dev,10,2,8,0
<35,No,Other,0,Man,0,Dev,14,12,16,1
>35,No,Master,0,Man,0,NotDev,47,45,6,0
<35,No,Undergraduate,1,Man,0,NotDev,11,6,13,1
<35,No,Master,1,Man,0,Dev,7,0,8,0
>35,No,Undergraduate,1,Man,0,Dev,15,6,16,1
>35,No,Other,1,Man,0,Dev,35,32,12,1
>35,No,Other,1,Man,1,Dev,7,5,7,0
<35,No,NoHigherEd,1,Man,1,Dev,2,2,11,0
<35,No,Master,1,Man,0,Dev,15,6,17,1
<35,No,NoHigherEd,0,Man,0,Dev,13,5,12,0
<35,No,Undergraduate,1,Woman,0,Dev,8,2,16,1
>35,No,NoHigherEd,0,Man,0,Dev,20,20,25,1
<35,No,Undergraduate,1,Man,0,Dev,9,7,15,1
>35,No,Undergraduate,1,Man,0,Dev,10,8,11,1
<35,No,Undergraduate,1,Man,0,Dev,3,2,5,1
>35,No,Master,0,Man,0,Dev,23,21,10,0
>35,No,Undergraduate,1,Man,0,NotDev,26,26,11,0
<35,No,Other,1,Man,1,Dev,10,7,17,1
<35,No,Master,1,Man,0,Dev,15,10,10,1
>35,No,Undergraduate,1,Man,1,Dev,40,19,28,1
<35,No,Master,1,Man,0,Dev,4,2,22,1
>35,No,Undergraduate,1,Man,0,Dev,30,25,8,0
>35,No,Undergraduate,1,Man,0,Dev,38,33,10,1
<35,No,Master,1,Man,0,Dev,10,5,18,1
<35,No,NoHigherEd,1,Man,1,Dev,9,6,7,0
>35,No,Master,1,Man,0,Dev,15,12,6,1
<35,No,Undergraduate,1,Man,0,Dev,11,7,15,0
<35,No,Undergraduate,1,Man,1,Dev,9,6,8,0
>35,No,Undergraduate,1,Man,0,Dev,12,10,14,0
>35,No,Undergraduate,1,Man,0,NotDev,20,17,25,1
<35,No,Undergraduate,1,Man,1,Dev,12,6,19,1
<35,No,Undergraduate,1,Man,1,Dev,20,12,11,0
<35,No,Undergraduate,1,Man,0,Dev,11,5,15,1
>35,No,Other,1,NonBinary,0,Dev,17,15,10,1
<35,No,Undergraduate,1,Man,0,Dev,9,4,9,0
<35,No,Undergraduate,1,Man,0,Dev,12,6,16,1
>35,No,Undergraduate,1,Man,0,Dev,21,15,14,0
>35,No,Undergraduate,1,Man,0,NotDev,10,14,6,0
<35,No,Undergraduate,1,Man,1,Dev,8,4,17,0
<35,No,Undergraduate,1,Man,0,Dev,4,2,12,1
>35,No,Other,1,Man,0,Dev,1,0,6,0
>35,No,Undergraduate,1,Man,0,Dev,21,21,9,1
>35,Yes,Other,0,Man,1,Dev,45,40,10,0
<35,No,Undergraduate,1,Man,0,Dev,8,5,16,1
<35,No,Other,1,Man,0,NotDev,15,7,20,1
>35,No,Undergraduate,1,Man,0,Dev,26,15,19,0
<35,No,Undergraduate,1,Man,0,Dev,20,5,13,1
<35,No,Master,1,Man,0,Dev,7,4,21,1
<35,Yes,Undergraduate,1,Man,1,Dev,16,9,8,0
<35,No,Master,1,Man,0,Dev,3,0,3,0
<35,No,Master,1,Man,0,Dev,6,2,22,1
>35,No,PhD,1,Man,0,Dev,25,5,9,0
<35,No,Master,1,Man,0,Dev,12,7,7,1
>35,No,Other,0,Man,0,Dev,21,17,6,0
<35,No,Undergraduate,1,Man,1,Dev,9,5,21,1
<35,No,Master,1,Man,0,Dev,6,1,20,1
>35,No,Undergraduate,1,Man,0,Dev,21,19,19,1
<35,No,Other,1,Man,1,Dev,1,1,8,0
<35,No,Other,1,Man,0,Dev,6,4,26,1
>35,No,Master,1,Man,0,Dev,30,11,7,0
<35,No,Other,1,Man,1,Dev,15,13,11,0
<35,No,Master,1,Man,0,Dev,10,8,15,0
<35,No,Undergraduate,1,Man,0,Dev,7,3,12,1
<35,No,Master,1,Man,0,Dev,9,2,3,0
<35,No,Undergraduate,1,Man,1,Dev,20,10,13,1
>35,No,Other,1,Man,0,Dev,30,25,8,0
<35,No,Undergraduate,1,Man,0,NotDev,4,6,9,0
>35,No,NoHigherEd,0,Man,1,Dev,42,32,6,0
<35,No,Master,1,Man,1,Dev,4,3,8,1
<35,No,Undergraduate,1,Man,0,NotDev,10,5,15,1
>35,No,Other,1,Man,1,Dev,23,20,18,1
<35,No,Master,1,Man,0,Dev,11,6,10,0
<35,No,Master,1,Man,0,Dev,12,6,15,1
<35,Yes,NoHigherEd,1,Man,0,Dev,7,3,10,0
<35,No,Undergraduate,1,Man,1,Dev,5,0,14,1
>35,No,NoHigherEd,1,Man,0,NotDev,27,22,23,1
<35,No,Undergraduate,1,Man,1,Dev,10,3,17,1
<35,No,Master,1,NonBinary,0,Dev,7,2,26,1
<35,No,Undergraduate,1,Man,1,Dev,8,3,13,1
<35,No,Undergraduate,1,Man,0,Dev,8,4,22,1
>35,No,Master,0,Man,0,Dev,35,30,11,1
<35,No,Undergraduate,1,Man,0,Dev,7,2,10,0
>35,No,Undergraduate,1,Man,1,Dev,33,27,28,1
<35,No,Undergraduate,0,Man,0,Dev,9,5,10,0
>35,No,Master,1,Man,0,NotDev,18,4,13,0
<35,No,Undergraduate,1,Man,0,Dev,9,5,17,1
<35,No,Undergraduate,0,Man,0,Dev,20,16,12,1
>35,No,Undergraduate,1,Man,0,NotDev,27,22,12,1
<35,No,Master,1,Man,0,Dev,10,5,1,0
<35,No,Master,1,Man,0,Dev,15,10,20,1
<35,No,Undergraduate,1,Man,1,Dev,5,3,17,0
<35,No,Master,1,Man,0,Dev,17,12,16,1
<35,No,Other,0,Man,1,Dev,10,7,25,1
>35,No,Other,1,Man,0,Dev,37,16,19,1
<35,No,Undergraduate,1,Man,1,Dev,12,7,18,1
<35,No,Undergraduate,1,Man,1,Dev,10,7,11,0
<35,No,Undergraduate,1,Man,1,Dev,10,10,9,0
<35,No,Other,1,Man,0,Dev,16,8,26,1
<35,No,Other,1,Man,0,Dev,7,2,16,1
>35,No,Other,1,Man,1,Dev,13,12,12,0
>35,No,Undergraduate,1,Man,1,Dev,12,9,14,1
<35,No,Undergraduate,1,Man,1,Dev,8,4,7,0
>35,No,Master,1,Man,1,Dev,29,7,29,1
<35,No,Undergraduate,1,Man,0,Dev,11,5,16,0
>35,No,Undergraduate,0,Man,0,Dev,24,20,8,1
>35,No,Master,1,Man,1,Dev,20,10,17,1
<35,No,Undergraduate,1,Man,0,Dev,8,4,32,1
<35,No,Undergraduate,1,Man,1,Dev,5,1,11,0
<35,No,Other,1,Man,0,Dev,7,7,26,1
<35,No,Other,1,Man,0,Dev,4,2,21,1
<35,No,Master,1,Man,0,Dev,6,2,9,0
<35,No,Undergraduate,1,Man,0,Dev,10,2,17,1
>35,No,Other,1,Woman,1,Dev,13,11,16,1
<35,No,Undergraduate,0,Man,0,Dev,2,2,15,1
<35,No,Undergraduate,1,NonBinary,0,Dev,8,2,5,0
<35,No,Master,0,Man,0,Dev,16,9,13,1
<35,No,Other,1,Man,0,Dev,14,7,20,1
<35,No,Undergraduate,1,Man,0,Dev,14,3,2,0
>35,No,Undergraduate,0,Man,1,Dev,16,13,17,1
<35,No,Undergraduate,1,Man,0,Dev,7,2,13,1
>35,No,Undergraduate,1,Man,0,Dev,10,9,15,1
<35,No,Undergraduate,1,Man,1,Dev,12,8,15,1
<35,No,NoHigherEd,1,Woman,1,Dev,13,6,52,1
<35,No,Undergraduate,0,Man,0,Dev,14,10,8,1
<35,No,Undergraduate,1,Man,1,Dev,10,5,17,1
>35,No,Other,0,Man,0,Dev,33,32,15,0
<35,No,Undergraduate,1,Man,1,Dev,10,5,15,1
<35,No,Master,1,Man,0,Dev,6,3,12,1
>35,No,Other,1,Man,0,NotDev,20,10,12,0
<35,No,Undergraduate,1,Man,0,Dev,11,9,12,1
<35,No,Master,1,Woman,0,Dev,12,5,20,1
>35,Yes,Undergraduate,1,Man,0,NotDev,25,8,14,0
>35,No,Master,1,Man,0,Dev,17,12,14,1
>35,No,Undergraduate,1,Man,0,Dev,30,26,13,0
<35,No,Undergraduate,1,Man,0,Dev,10,4,13,1
<35,No,Master,1,Man,0,Dev,12,8,15,1
>35,No,Undergraduate,1,Man,0,Dev,22,19,8,1
>35,No,Undergraduate,1,Man,1,Dev,7,3,18,1
>35,No,Other,1,Man,1,Dev,20,6,17,0
>35,No,Other,1,Man,0,Dev,5,2,10,1
<35,No,Undergraduate,1,Woman,0,Dev,15,6,23,1
>35,No,Undergraduate,1,Man,0,Dev,14,10,4,0
<35,No,Undergraduate,1,Man,0,Dev,14,6,12,0
<35,No,Undergraduate,1,Man,0,Dev,10,2,11,1
<35,No,Master,1,Man,1,Dev,6,3,17,1
>35,No,PhD,1,NonBinary,0,Dev,15,11,16,1
<35,No,Other,1,Man,0,Dev,10,7,18,1
>35,No,Undergraduate,1,Man,0,NotDev,16,10,18,1
<35,No,Other,0,Man,1,Dev,14,14,27,1
<35,No,Undergraduate,1,Man,0,Dev,12,12,28,1
>35,No,Master,1,Man,0,Dev,15,12,23,1
<35,No,Undergraduate,1,Woman,0,Dev,16,12,5,0
<35,No,Master,1,Man,1,Dev,8,4,2,0
>35,No,Master,1,Man,0,NotDev,7,3,19,1
<35,No,Master,1,Man,0,Dev,14,8,14,1
>35,No,Master,0,Man,0,Dev,30,20,10,0
<35,No,Other,1,Man,1,Dev,8,8,17,1
>35,No,Undergraduate,0,Woman,0,Dev,30,25,10,0
<35,No,Undergraduate,1,Man,0,Dev,16,11,11,1
<35,No,Undergraduate,1,Man,1,Dev,10,4,12,0
>35,No,Undergraduate,0,Woman,0,Dev,16,14,18,1
<35,No,Undergraduate,1,Man,0,Dev,11,5,13,1
>35,No,Undergraduate,1,Man,0,Dev,22,18,18,1
<35,No,Other,1,Man,0,Dev,5,2,15,1
>35,No,Master,1,Man,1,Dev,40,30,15,1
>35,No,Other,0,Man,0,Dev,35,26,3,0
<35,No,Other,1,Man,1,Dev,9,6,9,0
>35,No,Other,0,Man,0,Dev,30,19,19,0
<35,No,Other,1,Man,1,Dev,20,11,9,1
>35,No,PhD,1,Man,0,Dev,37,10,6,0
<35,No,Undergraduate,1,Woman,0,Dev,7,3,5,0
<35,No,Undergraduate,1,Man,0,Dev,4,4,12,0
>35,Yes,PhD,1,Man,0,NotDev,18,17,1,0
<35,No,Undergraduate,1,Man,0,Dev,13,8,7,0
>35,No,Other,0,Man,0,Dev,15,10,14,1
>35,No,Master,1,Man,0,Dev,18,16,16,1
>35,No,NoHigherEd,1,Man,0,NotDev,38,35,13,1
<35,No,Other,1,NonBinary,1,Dev,10,7,8,0
>35,No,Master,1,Man,0,Dev,18,14,14,1
<35,No,Master,1,Man,0,Dev,5,5,16,0
<35,No,Undergraduate,1,Man,0,Dev,8,4,18,1
>35,No,Other,0,Man,0,Dev,18,18,4,0
<35,No,Other,1,Man,0,Dev,15,10,11,1
>35,No,Master,0,Man,0,Dev,6,5,9,0
>35,No,Undergraduate,1,Man,0,Dev,30,17,12,1
<35,No,Undergraduate,1,Man,0,Dev,14,10,17,1
<35,No,Other,1,Man,1,Dev,15,6,22,1
<35,No,Undergraduate,1,Man,0,Dev,14,10,29,1
<35,No,Other,0,Man,0,Dev,10,4,7,0
<35,No,Undergraduate,1,Man,0,Dev,4,0,14,1
<35,No,Undergraduate,1,Man,0,Dev,5,3,2,0
<35,No,Undergraduate,1,Man,1,Dev,23,12,9,0
>35,No,Undergraduate,1,Man,1,Dev,14,11,9,1
<35,No,Undergraduate,1,Man,1,Dev,9,6,15,1
<35,No,Master,1,Man,0,Dev,11,6,3,0
>35,No,Other,1,Man,0,Dev,24,15,11,1
<35,No,Undergraduate,1,Man,0,Dev,10,6,10,0
>35,No,Other,1,Man,0,Dev,25,23,23,1
<35,No,Undergraduate,1,Man,0,Dev,5,3,12,1
>35,No,Undergraduate,1,Man,0,Dev,28,18,10,0
>35,No,Undergraduate,1,Man,0,Dev,27,21,29,1
<35,No,Undergraduate,1,Man,0,Dev,10,8,10,0
>35,No,Master,1,Man,0,Dev,12,9,10,1
<35,No,Undergraduate,1,Woman,1,Dev,7,5,16,1
<35,No,Master,1,Man,1,Dev,12,5,31,1
<35,No,Master,1,Man,1,Dev,8,3,15,1
>35,No,Undergraduate,1,Man,0,Dev,24,18,14,1
<35,No,Undergraduate,1,Man,1,Dev,6,2,14,0
<35,No,Undergraduate,1,Man,0,Dev,23,8,13,1
<35,No,Master,1,Man,0,Dev,9,3,25,1
<35,No,Master,1,Man,0,Dev,4,1,13,1
<35,No,Other,1,Man,0,Dev,11,8,12,1
>35,No,Other,1,Man,1,Dev,47,42,9,0
>35,No,Undergraduate,1,Man,0,Dev,38,23,20,1
<35,No,Master,0,Man,0,Dev,14,10,31,1
<35,No,Other,1,Man,0,Dev,5,1,12,1
<35,No,Undergraduate,1,Man,0,Dev,12,4,23,1
<35,No,NoHigherEd,1,Man,1,Dev,3,0,11,0
<35,No,Undergraduate,1,Man,0,Dev,6,2,12,0
>35,No,Undergraduate,1,Man,0,Dev,8,6,19,1
<35,No,Undergraduate,1,Man,0,Dev,15,10,16,1
<35,No,Undergraduate,1,Man,0,Dev,4,3,11,0
<35,No,Undergraduate,1,Man,0,Dev,7,2,10,1
<35,No,Undergraduate,1,Man,0,Dev,10,5,12,1
<35,No,Master,1,Man,1,Dev,6,6,11,0
<35,No,Master,1,Man,0,Dev,15,10,5,0
>35,Yes,Undergraduate,1,Man,1,Dev,20,11,14,1
<35,No,Master,1,Man,0,Dev,13,6,6,0
<35,No,Undergraduate,0,Man,0,Dev,8,6,13,1
<35,No,Master,1,Man,1,Dev,6,3,8,0
>35,Yes,Other,1,Man,0,Dev,24,22,22,1
>35,No,Undergraduate,1,Woman,0,Dev,20,16,7,0
>35,No,Undergraduate,1,Man,0,Dev,12,8,5,0
>35,No,Undergraduate,1,Man,0,NotDev,40,20,10,0
>35,No,Undergraduate,1,Man,0,Dev,20,11,13,1
<35,No,Undergraduate,1,Man,0,Dev,7,2,12,0
<35,No,Master,1,Man,1,Dev,11,5,12,0
>35,No,PhD,1,Man,0,NotDev,24,16,9,1
<35,Yes,Master,1,Man,1,Dev,11,7,9,0
<35,No,NoHigherEd,1,Man,0,Dev,11,3,21,1
>35,No,Undergraduate,1,Woman,1,NotDev,29,10,7,0
>35,No,Master,1,Man,1,Dev,15,5,19,1
>35,No,Undergraduate,1,Man,0,Dev,12,10,19,1
<35,No,PhD,1,Man,0,Dev,9,4,28,1
<35,No,Undergraduate,1,Man,0,Dev,12,7,13,0
<35,No,NoHigherEd,1,Man,0,Dev,5,2,21,1
>35,No,Other,0,Man,0,Dev,25,15,8,0
>35,No,Undergraduate,1,Man,0,NotDev,5,5,3,0
<35,No,Undergraduate,1,Man,0,Dev,12,10,8,0
<35,No,Other,1,Man,0,Dev,2,1,25,1
<35,No,Undergraduate,1,Man,1,Dev,7,5,10,0
<35,No,NoHigherEd,1,Man,0,Dev,7,7,8,0
<35,No,Other,1,Man,0,Dev,17,7,12,0
>35,No,Master,1,Man,1,Dev,30,13,15,1
<35,No,Undergraduate,1,Man,0,Dev,4,0,19,1
<35,No,Undergraduate,1,Man,0,Dev,4,2,6,1
<35,No,Other,1,Man,0,Dev,15,10,25,0
>35,No,Master,0,Man,1,Dev,20,20,11,0
<35,No,PhD,0,Man,0,Dev,5,2,4,0
<35,No,Undergraduate,1,Man,0,Dev,12,10,21,1
>35,No,Other,0,Man,0,Dev,45,43,19,1
<35,No,Undergraduate,1,Man,0,Dev,15,10,29,1
<35,No,Master,1,Man,0,NotDev,6,0,5,0
>35,No,Undergraduate,1,Man,0,Dev,16,11,19,1
<35,No,Master,1,Man,0,Dev,7,3,16,1
<35,No,Master,1,Man,0,Dev,11,7,18,1
>35,No,Master,1,Man,0,Dev,26,20,19,0
<35,No,Master,1,Man,0,Dev,6,4,12,1
<35,No,Master,1,Man,0,Dev,10,10,18,1
<35,No,Undergraduate,1,Man,0,Dev,13,4,9,1
>35,No,NoHigherEd,1,Man,0,Dev,28,22,8,0
<35,No,Master,0,Man,0,Dev,15,10,24,1
<35,No,NoHigherEd,1,Man,0,Dev,20,5,13,1
>35,No,Other,1,Man,0,Dev,17,17,14,1
<35,No,Undergraduate,1,Man,0,Dev,5,2,20,1
>35,No,Other,1,Man,1,Dev,16,14,8,0
<35,No,Undergraduate,1,Woman,1,Dev,10,5,16,1
<35,No,Undergraduate,1,Man,1,Dev,9,5,7,0
<35,No,Master,1,Man,0,Dev,4,4,18,1
<35,No,Master,1,Man,0,Dev,16,11,14,1
>35,No,Master,1,Man,1,Dev,20,12,18,1
>35,No,Master,1,Man,0,Dev,28,21,5,0
<35,No,NoHigherEd,1,Man,0,Dev,16,13,36,1
<35,No,Other,1,Man,1,Dev,10,10,35,1
>35,No,Undergraduate,1,Man,0,Dev,23,22,16,0
>35,No,Master,1,Man,0,Dev,30,21,6,0
>35,No,Undergraduate,1,Man,0,Dev,22,18,6,0
>35,No,Undergraduate,0,Man,0,Dev,20,12,8,1
<35,No,Undergraduate,1,Man,0,Dev,12,8,6,0
>35,No,Undergraduate,1,Man,1,Dev,7,4,15,1
<35,No,Other,0,Man,0,Dev,5,4,10,0
<35,No,Master,1,Man,0,Dev,3,2,12,0
>35,No,PhD,1,Man,0,NotDev,34,24,13,1
>35,No,Master,1,Man,0,Dev,40,30,7,0
<35,No,Undergraduate,1,Man,0,Dev,12,9,18,1
<35,No,Undergraduate,0,Man,0,Dev,9,7,16,1
<35,No,Undergraduate,1,Man,1,Dev,9,1,4,0
<35,No,Other,1,Man,0,Dev,10,3,32,1
>35,No,Undergraduate,1,Man,1,Dev,23,16,15,0
<35,No,Other,1,Man,0,Dev,16,4,17,1
<35,No,Master,1,Man,0,Dev,6,3,6,0
>35,No,Undergraduate,1,Man,0,Dev,10,10,7,0
<35,No,Master,1,Man,0,Dev,20,9,14,1
<35,No,Other,0,Man,0,Dev,4,0,20,1
>35,No,Undergraduate,1,Man,0,Dev,40,30,19,1
<35,No,Master,1,Man,0,Dev,7,5,10,0
>35,No,Other,0,Man,0,Dev,2,1,11,1
>35,No,Other,1,Man,0,Dev,5,3,5,0
<35,No,Master,1,Man,0,Dev,9,4,8,1
<35,No,Undergraduate,1,Man,0,NotDev,20,10,21,1
>35,No,Master,0,Man,0,Dev,27,23,7,1
<35,No,Master,1,Woman,0,Dev,3,4,16,1
<35,No,Undergraduate,1,Man,0,Dev,15,7,14,1
<35,No,Undergraduate,1,Man,0,Dev,4,3,3,0
<35,No,Master,1,Man,0,Dev,10,4,12,1
>35,No,Other,0,Man,1,Dev,24,20,9,1
<35,No,NoHigherEd,1,Man,1,Dev,6,0,9,0
<35,No,Undergraduate,1,Woman,0,Dev,20,5,5,0
<35,No,Master,1,Man,0,Dev,13,5,12,1
<35,No,Master,1,Man,0,Dev,14,10,37,1
<35,No,Undergraduate,1,Man,0,Dev,10,4,13,0
<35,No,Undergraduate,1,Man,1,Dev,8,3,17,1
<35,No,NoHigherEd,1,Man,1,Dev,3,3,21,1
<35,No,Undergraduate,1,Man,0,Dev,16,11,17,1
<35,No,Undergraduate,1,Man,0,Dev,5,0,20,1
<35,No,Undergraduate,1,Man,0,Dev,8,7,8,0
<35,No,Undergraduate,1,Man,0,Dev,7,3,19,1
<35,No,PhD,1,Man,0,Dev,10,7,18,1
>35,No,Other,0,Man,0,Dev,10,5,19,1
>35,No,PhD,1,Man,0,NotDev,10,10,7,0
>35,No,Undergraduate,1,Man,0,Dev,21,16,5,0
>35,No,Undergraduate,1,Man,1,Dev,15,4,12,0
<35,No,Undergraduate,1,Man,0,Dev,4,0,10,0
<35,No,Master,1,Man,0,Dev,9,7,18,1
<35,No,Undergraduate,1,Man,0,Dev,10,8,14,1
<35,No,Master,1,Man,0,NotDev,12,2,10,0
<35,No,Undergraduate,1,Man,0,Dev,7,3,9,1
<35,No,Undergraduate,1,Man,0,NotDev,12,5,5,0
<35,No,Undergraduate,1,Man,0,Dev,10,7,27,1
<35,No,NoHigherEd,1,Man,0,Dev,10,7,9,0
<35,No,Undergraduate,1,Man,1,Dev,14,9,15,0
>35,No,Undergraduate,1,Man,1,NotDev,10,4,9,0
<35,No,Undergraduate,1,Man,0,Dev,3,2,11,0
<35,No,Undergraduate,0,Man,1,Dev,18,10,14,1
<35,No,PhD,1,Man,0,Dev,15,9,19,1
<35,No,NoHigherEd,1,Man,1,Dev,20,8,25,1
<35,No,Undergraduate,1,Man,0,Dev,1,1,6,0
<35,No,Undergraduate,1,Man,0,Dev,5,3,20,1
>35,No,Undergraduate,1,Man,0,Dev,20,15,10,0
>35,No,Other,1,Man,0,Dev,15,10,7,0
<35,No,Master,1,Man,0,Dev,13,9,6,0
>35,No,Master,1,Man,1,Dev,24,15,5,0
<35,No,Undergraduate,0,Man,1,Dev,8,3,13,0
<35,No,Undergraduate,1,Man,0,Dev,6,2,17,1
<35,No,Undergraduate,0,Man,0,Dev,6,3,21,1
<35,No,Undergraduate,1,Man,0,Dev,10,6,19,1
<35,No,Undergraduate,1,Man,1,Dev,3,3,23,1
<35,No,Undergraduate,1,Man,0,Dev,6,5,9,0
<35,No,Master,1,Man,0,Dev,11,6,9,0
<35,No,Undergraduate,1,Woman,1,Dev,5,0,9,0
<35,No,Master,1,Man,1,Dev,26,11,4,0
>35,No,Other,1,Man,0,Dev,16,13,26,1
>35,No,Undergraduate,1,Man,1,Dev,19,19,14,1
<35,No,Undergraduate,1,Man,1,Dev,15,10,21,1
>35,No,Other,1,Man,0,Dev,19,14,20,1
>35,No,NoHigherEd,1,Man,0,NotDev,0,0,15,1
<35,No,Undergraduate,1,Man,0,Dev,3,0,14,1
<35,No,Master,1,Man,0,Dev,8,3,15,1
<35,No,Undergraduate,1,Man,0,Dev,7,6,26,1
>35,No,Undergraduate,1,Man,0,Dev,10,7,10,1
<35,No,Undergraduate,1,Man,1,Dev,11,3,13,0
>35,No,Master,0,Man,0,Dev,20,17,29,1
<35,No,Master,1,Man,0,Dev,11,5,12,1
<35,No,Undergraduate,1,Man,0,Dev,7,1,9,0
>35,No,Undergraduate,0,Woman,1,NotDev,8,5,6,0
<35,No,Master,1,Man,0,Dev,17,10,7,1
>35,No,Undergraduate,1,Man,0,Dev,15,10,20,1
<35,No,Undergraduate,1,Man,0,Dev,15,10,20,1
<35,No,NoHigherEd,0,Man,0,Dev,3,1,6,0
>35,No,Undergraduate,1,Man,0,Dev,36,36,10,0
<35,No,Other,1,Man,0,Dev,2,2,4,0
<35,No,Master,1,Woman,0,Dev,12,5,12,1
>35,No,Undergraduate,1,Man,1,Dev,30,23,20,1
<35,No,NoHigherEd,1,Man,0,Dev,8,5,23,1
>35,No,Master,1,NonBinary,1,Dev,10,8,3,0
<35,No,Undergraduate,1,Man,1,Dev,6,1,10,1
<35,No,NoHigherEd,1,Man,0,Dev,8,6,43,1
<35,No,Master,1,Man,0,Dev,11,7,13,1
>35,No,Master,1,Man,0,Dev,30,26,18,0
>35,No,Other,1,Man,0,Dev,20,7,14,0
<35,No,Undergraduate,1,Man,1,Dev,12,8,16,1
<35,No,Master,1,Man,0,Dev,8,7,17,1
<35,No,Undergraduate,1,Man,0,Dev,14,10,10,0
<35,No,Master,1,Woman,1,Dev,7,4,21,1
<35,No,Undergraduate,1,Man,0,Dev,10,1,30,1
<35,No,Undergraduate,1,Man,0,Dev,8,6,10,1
<35,No,Undergraduate,1,Man,1,NotDev,8,2,15,0
<35,No,Undergraduate,1,Man,0,Dev,12,5,20,1
<35,No,Undergraduate,1,Man,1,Dev,10,8,10,1
>35,No,Undergraduate,1,Man,1,Dev,44,30,15,0
>35,No,Undergraduate,1,Man,1,Dev,25,20,18,1
<35,No,Master,1,Man,0,Dev,6,4,11,0
<35,No,Undergraduate,1,Woman,1,Dev,18,10,13,1
>35,No,Undergraduate,0,Man,0,Dev,37,35,7,0
<35,No,Undergraduate,1,Man,0,Dev,9,7,8,0
<35,No,Master,1,Man,0,Dev,9,9,13,1
<35,No,PhD,1,Man,0,NotDev,18,6,3,0
>35,No,Master,1,Man,0,Dev,20,15,10,1
<35,No,Undergraduate,1,Woman,1,NotDev,9,4,3,0
<35,No,Undergraduate,1,Man,0,NotDev,15,4,7,0
<35,No,Undergraduate,1,Man,1,Dev,9,2,10,1
<35,No,Undergraduate,1,Man,0,NotDev,5,5,8,0
<35,No,Other,1,Man,0,Dev,15,5,15,0
<35,No,Undergraduate,0,Man,0,Dev,13,10,4,0
<35,No,Master,1,Man,0,Dev,15,10,11,0
<35,No,Undergraduate,1,Woman,0,Dev,20,8,7,0
>35,No,NoHigherEd,0,Man,0,NotDev,15,14,20,0
<35,No,Undergraduate,1,Man,0,Dev,20,10,11,1
<35,No,Undergraduate,1,Man,0,Dev,5,2,18,0
>35,No,PhD,1,Man,0,Dev,38,29,11,0
>35,No,Undergraduate,1,Man,0,Dev,6,5,10,0
<35,No,Master,0,Man,0,Dev,12,0,5,0
>35,No,NoHigherEd,1,Man,1,Dev,22,20,16,1
<35,No,NoHigherEd,1,Man,0,Dev,13,10,13,1
>35,No,Other,1,Man,0,NotDev,21,0,11,0
>35,No,Undergraduate,1,Man,0,Dev,32,26,13,1
>35,No,Master,1,Woman,1,Dev,9,7,9,0
<35,No,Undergraduate,1,Man,0,Dev,1,4,6,0
<35,No,Undergraduate,1,Man,0,Dev,15,8,14,1
<35,Yes,Other,0,Man,1,Dev,9,1,8,0
<35,No,Master,1,Man,0,Dev,17,12,13,0
<35,No,Undergraduate,0,Man,0,Dev,4,2,32,1
>35,No,Other,0,Man,0,Dev,30,15,18,1
<35,No,Master,1,Man,0,Dev,13,7,33,1
<35,No,Undergraduate,0,Man,0,Dev,9,4,29,1
>35,No,Undergraduate,1,Man,1,Dev,34,23,11,0
>35,No,Master,1,Man,0,Dev,30,21,7,1
<35,No,Undergraduate,1,Man,0,Dev,4,4,15,1
<35,No,Undergraduate,1,Man,0,Dev,9,5,12,1
<35,No,Undergraduate,0,Man,0,Dev,14,6,19,1
>35,No,Other,1,Man,0,Dev,12,8,4,0
<35,Yes,Undergraduate,1,Man,0,Dev,14,8,13,1
<35,No,Other,1,Woman,0,Dev,5,0,9,0
>35,Yes,Undergraduate,1,Man,0,Dev,3,3,12,0
<35,No,Undergraduate,1,Man,0,Dev,5,4,11,1
<35,No,Master,1,Man,1,NotDev,10,5,3,0
<35,No,Master,1,Man,0,Dev,4,2,3,0
<35,No,Other,1,Woman,1,Dev,5,2,13,1
<35,No,Other,1,Man,0,Dev,4,0,25,1
<35,No,Master,1,Man,0,Dev,9,3,20,1
>35,No,Master,1,Man,1,Dev,26,15,13,1
<35,No,Master,1,Man,0,Dev,12,6,24,1
<35,No,Master,1,Man,1,Dev,10,5,14,1
<35,No,Undergraduate,1,Man,0,Dev,10,4,7,0
<35,No,Undergraduate,1,Man,0,Dev,7,3,16,1
<35,No,Master,1,Man,0,Dev,20,5,9,0
<35,No,Undergraduate,1,Man,1,Dev,12,5,22,1
<35,Yes,Undergraduate,1,Man,0,Dev,7,6,13,1
>35,No,Master,1,Man,0,Dev,20,15,13,0
<35,No,Master,1,Man,0,Dev,15,8,11,0
>35,No,Master,1,Man,0,Dev,16,10,4,0
<35,No,Other,1,Man,0,NotDev,5,2,11,1
>35,No,Master,1,Man,0,Dev,22,17,4,0
<35,No,Master,1,NonBinary,0,NotDev,8,4,15,0
>35,No,Other,1,NonBinary,1,Dev,16,12,7,0
<35,No,Undergraduate,1,Man,0,Dev,4,1,13,0
<35,No,Other,1,Man,1,Dev,3,4,14,1
<35,Yes,Master,1,Man,1,Dev,8,4,7,1
<35,No,Undergraduate,1,Man,0,Dev,9,3,9,0
>35,No,Undergraduate,1,Man,1,Dev,28,13,12,1
<35,No,Undergraduate,1,Woman,0,NotDev,12,10,15,1
>35,No,Other,1,Man,0,Dev,27,18,22,1
>35,No,Undergraduate,1,Man,0,Dev,33,19,13,1
>35,No,Undergraduate,0,Man,0,Dev,22,17,8,0
>35,No,Undergraduate,1,Man,0,Dev,27,21,12,1
<35,No,Master,1,Man,0,Dev,8,2,9,0
>35,No,Master,1,Man,0,Dev,17,17,24,1
<35,No,Undergraduate,1,Man,1,Dev,6,2,13,1
>35,No,NoHigherEd,0,Man,0,Dev,25,15,10,1
>35,No,Undergraduate,0,Man,0,Dev,42,40,12,1
<35,No,Other,1,Man,0,Dev,4,4,21,1
>35,No,Undergraduate,1,Man,0,Dev,25,25,10,0
<35,Yes,Master,1,Man,0,Dev,13,8,10,1
<35,No,Undergraduate,1,Man,0,Dev,8,7,10,0
<35,No,NoHigherEd,1,Man,0,Dev,8,5,33,1
<35,No,Master,1,Man,0,Dev,6,4,11,0
<35,No,Undergraduate,1,Man,0,Dev,6,6,19,1
<35,No,Undergraduate,1,Man,0,Dev,8,4,8,1
<35,No,Undergraduate,1,Man,0,Dev,8,5,11,0
>35,No,Master,1,Man,0,Dev,17,10,13,1
<35,No,Undergraduate,1,Man,0,Dev,10,7,15,0
<35,No,Master,1,Man,0,Dev,16,10,5,0
<35,No,Undergraduate,1,Man,0,Dev,4,2,6,0
<35,Yes,Undergraduate,1,Man,1,Dev,11,0,7,0
<35,No,Undergraduate,1,Man,0,Dev,9,5,9,0
<35,No,Undergraduate,0,Man,0,Dev,3,3,7,0
>35,No,Undergraduate,1,Man,0,Dev,17,12,11,1
<35,No,Undergraduate,1,Man,0,Dev,8,5,9,0
<35,No,Undergraduate,1,Man,0,Dev,5,1,8,1
<35,No,Undergraduate,1,Man,0,NotDev,13,10,25,1
<35,No,Undergraduate,0,Woman,0,Dev,2,0,24,1
<35,No,Undergraduate,1,Man,0,Dev,14,10,11,1
>35,No,Other,1,Man,0,Dev,10,10,14,1
<35,No,Undergraduate,1,Man,0,Dev,6,2,13,0
<35,No,Undergraduate,1,Man,0,Dev,6,2,12,0
>35,No,Undergraduate,1,Man,1,NotDev,28,26,27,1
>35,No,Other,1,Man,0,Dev,8,5,13,0
<35,No,Master,1,Man,0,Dev,10,4,8,0
>35,No,Undergraduate,1,Man,0,Dev,38,27,9,1
<35,No,Undergraduate,1,Man,0,Dev,12,8,11,1
>35,No,Master,1,Man,0,Dev,25,17,22,1
<35,No,Master,1,Man,0,Dev,14,7,28,1
>35,No,Master,1,Man,0,Dev,7,6,19,1
<35,No,Other,1,Man,0,Dev,7,3,15,1
<35,No,Undergraduate,0,Man,0,NotDev,4,0,2,0
<35,No,Undergraduate,1,Man,1,NotDev,5,2,22,1
<35,No,Other,1,Man,1,Dev,11,5,19,1
>35,No,Other,1,Man,1,Dev,18,13,9,0
<35,No,Undergraduate,1,Man,0,Dev,12,9,33,1
<35,No,Undergraduate,1,Man,1,Dev,7,0,19,1
>35,No,Undergraduate,1,Man,1,Dev,35,23,15,1
>35,No,Master,1,Man,0,Dev,25,25,10,1
>35,No,Master,1,Man,0,Dev,15,5,12,0
>35,No,Undergraduate,1,Man,0,Dev,27,15,12,0
<35,No,Undergraduate,1,Man,1,Dev,13,8,18,1
<35,No,Other,0,Woman,0,Dev,8,5,15,1
>35,No,Undergraduate,1,Man,0,Dev,25,20,23,1
<35,No,Undergraduate,1,Man,0,Dev,5,2,13,0
<35,No,Undergraduate,1,Woman,1,Dev,10,2,17,1
<35,No,Undergraduate,1,Man,1,Dev,6,3,16,1
>35,No,Undergraduate,1,Man,0,Dev,20,14,22,1
<35,No,Undergraduate,1,Man,0,Dev,8,6,15,1
>35,No,Master,1,Man,0,Dev,32,27,11,0
<35,No,Undergraduate,1,Man,0,Dev,8,4,13,0
<35,No,Master,1,Man,0,Dev,8,6,10,0
>35,No,PhD,0,Man,0,Dev,10,9,12,0
<35,No,PhD,1,Woman,1,Dev,26,7,15,0
>35,No,Master,1,Man,1,Dev,38,30,5,0
<35,No,Undergraduate,1,Man,0,Dev,5,4,6,0
>35,No,Undergraduate,1,Man,1,Dev,20,16,5,0
<35,No,Undergraduate,1,Man,0,Dev,9,7,13,1
<35,No,NoHigherEd,1,Man,0,Dev,3,3,24,1
<35,No,Master,1,Man,1,Dev,8,5,10,0
>35,No,Undergraduate,1,Man,0,Dev,24,17,16,1
>35,No,PhD,1,Man,0,Dev,40,26,6,0
<35,No,Master,1,Man,0,Dev,9,6,13,0
<35,No,Undergraduate,1,Man,1,Dev,14,10,4,0
<35,No,Other,1,Man,1,Dev,17,4,6,1
<35,No,Undergraduate,0,Man,0,NotDev,2,1,6,0
>35,No,PhD,1,Man,0,NotDev,29,16,2,0
>35,No,Undergraduate,1,Man,1,Dev,30,20,16,1
<35,No,Undergraduate,1,Man,0,Dev,12,8,19,1
<35,No,Undergraduate,1,Man,0,Dev,12,10,11,0
>35,No,Undergraduate,1,Man,1,Dev,15,13,6,0
>35,No,Undergraduate,1,Man,0,Dev,17,7,14,0
<35,No,Undergraduate,1,Man,1,Dev,3,1,12,1
<35,No,Undergraduate,1,Man,0,Dev,7,3,11,1
<35,No,Undergraduate,1,Woman,1,Dev,10,8,24,1
>35,No,Undergraduate,0,NonBinary,0,Dev,24,22,39,1
<35,No,Master,1,Man,0,Dev,7,1,2,0
<35,No,Master,1,NonBinary,0,Dev,11,5,22,1
>35,No,Undergraduate,1,Man,0,Dev,30,26,9,1
>35,No,Undergraduate,1,Man,0,NotDev,23,23,18,1
<35,No,Undergraduate,1,Man,0,Dev,4,2,14,1
<35,No,Undergraduate,1,Man,0,Dev,10,6,20,1
<35,No,NoHigherEd,1,Man,0,Dev,16,6,14,0
<35,No,Undergraduate,1,Man,0,Dev,10,6,5,0
<35,No,Master,1,Man,0,Dev,6,5,12,0
>35,No,PhD,1,Man,0,NotDev,40,26,4,0
<35,No,Undergraduate,1,Man,0,Dev,4,2,12,0
<35,No,Undergraduate,0,Man,0,Dev,7,3,14,1
>35,No,Other,1,Man,0,Dev,6,5,12,1
<35,No,Undergraduate,1,Woman,0,Dev,20,5,9,1
<35,No,Master,1,Man,1,Dev,14,5,11,0
<35,No,Other,0,Man,0,Dev,6,5,7,1
<35,No,NoHigherEd,0,Man,1,Dev,9,6,16,1
>35,No,Undergraduate,1,Woman,0,Dev,22,15,7,0
<35,No,Master,0,Man,0,Dev,12,4,25,1
<35,No,Master,1,Man,0,Dev,3,1,14,1
<35,No,Undergraduate,1,Man,0,Dev,7,1,2,0
<35,No,Other,1,Man,0,Dev,15,8,15,0
<35,No,Other,1,Man,1,Dev,8,0,3,0
>35,No,Undergraduate,1,Man,0,Dev,6,6,19,1
<35,No,Undergraduate,1,Man,0,Dev,13,6,11,1
<35,No,Master,1,Man,0,Dev,7,1,7,0
<35,No,Other,1,Man,1,Dev,8,6,17,0
>35,No,Master,1,Man,0,Dev,31,24,18,1
<35,No,Undergraduate,1,Man,0,Dev,5,2,4,0
<35,No,Undergraduate,1,Man,0,Dev,13,4,20,1
<35,No,Undergraduate,1,Man,0,Dev,5,5,7,0
>35,No,Undergraduate,1,Man,0,Dev,23,17,14,1
<35,No,Master,1,Man,0,Dev,14,6,8,0
<35,No,Undergraduate,1,Man,0,Dev,10,4,12,0
<35,No,Other,0,Man,0,Dev,7,2,11,0
<35,No,Undergraduate,1,Man,0,Dev,15,7,5,1
<35,No,Undergraduate,0,Man,0,Dev,20,14,7,1
<35,No,Master,1,Man,0,Dev,14,6,12,1
>35,No,Undergraduate,1,Man,0,Dev,19,15,11,1
<35,No,Master,1,Man,0,Dev,10,7,17,1
<35,No,Master,1,Man,0,Dev,2,5,10,1
<35,No,NoHigherEd,0,Man,0,Dev,1,0,27,1
>35,No,Undergraduate,1,Man,0,Dev,16,8,13,0
<35,No,Undergraduate,1,Man,1,NotDev,10,6,11,0
>35,No,Master,1,Man,0,Dev,25,10,6,0
<35,No,Master,0,Man,0,Dev,5,4,17,1
<35,No,Undergraduate,1,Man,0,Dev,10,4,17,1
<35,No,Undergraduate,1,Man,0,Dev,12,9,21,1
<35,No,Master,1,Man,0,Dev,7,3,12,1
<35,No,Undergraduate,0,Man,0,Dev,15,10,8,0
<35,No,Undergraduate,1,Man,0,Dev,10,6,15,1
<35,No,Undergraduate,1,Man,0,Dev,5,2,13,0
<35,No,NoHigherEd,0,Man,1,Dev,5,0,12,0
<35,No,PhD,1,Man,0,Dev,18,10,8,0
<35,No,Undergraduate,1,Man,1,Dev,7,7,21,1
<35,No,Undergraduate,1,Man,0,Dev,13,0,9,0
>35,No,Undergraduate,1,Man,0,Dev,39,36,11,0
<35,No,Undergraduate,1,Man,0,Dev,7,1,19,1
<35,No,Undergraduate,1,Man,0,Dev,10,6,6,0
<35,No,Undergraduate,0,Man,0,Dev,15,10,13,0
<35,No,Undergraduate,1,Man,0,Dev,15,11,10,1
>35,No,Undergraduate,1,Man,1,Dev,23,23,16,1
>35,No,Master,1,Man,0,Dev,50,7,5,0
<35,No,NoHigherEd,0,Man,0,Dev,8,1,18,1
<35,No,Undergraduate,1,Man,1,Dev,15,7,24,1
<35,No,Undergraduate,1,Man,0,Dev,11,7,8,1
>35,No,Other,0,Man,0,Dev,43,24,16,1
>35,No,Master,1,Man,0,Dev,47,40,2,0
>35,No,PhD,1,Man,0,NotDev,18,15,3,0
<35,No,Undergraduate,1,Man,1,Dev,26,26,26,0
>35,No,Master,1,Man,0,Dev,6,3,18,1
<35,No,NoHigherEd,1,Man,1,Dev,11,4,11,0
<35,No,Master,1,Man,0,Dev,10,2,10,0
>35,No,Undergraduate,1,Man,0,Dev,20,16,12,0
<35,No,Undergraduate,1,Woman,0,Dev,10,7,28,1
>35,No,Other,1,Man,1,Dev,25,21,20,1
<35,No,NoHigherEd,1,Man,1,Dev,9,8,30,1
<35,No,Undergraduate,1,Man,0,NotDev,10,7,6,0
<35,No,Master,1,Man,1,Dev,17,1,12,1
<35,No,Undergraduate,1,Man,0,Dev,7,2,22,1
<35,No,Other,1,Man,1,Dev,8,4,19,1
>35,No,Undergraduate,1,Man,1,Dev,25,23,6,0
>35,No,Master,1,Man,0,Dev,17,14,4,0
>35,No,Master,1,Man,0,Dev,20,12,18,1
<35,No,Master,1,Woman,0,Dev,4,2,15,1
<35,No,Master,1,Woman,0,Dev,7,5,5,0
<35,No,Undergraduate,1,Man,1,Dev,4,2,10,0
<35,No,Other,0,Man,0,Dev,5,0,15,0
>35,No,Undergraduate,1,Man,1,Dev,50,30,3,0
>35,No,Undergraduate,0,Man,1,Dev,20,17,18,1
<35,No,Other,1,Man,0,Dev,16,13,9,0
<35,No,Undergraduate,1,Man,0,Dev,3,1,10,0
<35,No,Undergraduate,1,Man,0,Dev,16,10,14,1
<35,No,Undergraduate,1,Man,0,Dev,14,9,16,0
<35,No,Undergraduate,1,Man,0,Dev,3,1,13,1
<35,No,Master,1,Man,0,Dev,8,4,12,1
<35,No,Master,1,Man,0,Dev,9,6,1,0
>35,No,Undergraduate,1,Man,1,Dev,30,14,16,0
<35,No,Undergraduate,1,Man,0,Dev,5,0,12,0
<35,No,Undergraduate,1,Man,0,Dev,10,7,9,0
>35,No,Other,1,Woman,1,NotDev,14,13,8,0
>35,No,PhD,1,NonBinary,0,Dev,36,14,4,0
<35,No,Other,1,Man,1,Dev,12,9,13,0
<35,No,Master,1,Man,0,NotDev,15,4,18,1
<35,No,Other,1,Man,0,Dev,8,5,20,1
<35,No,Undergraduate,1,Man,0,Dev,20,10,14,1
>35,No,Undergraduate,1,Man,0,Dev,42,34,11,1
<35,No,Undergraduate,1,Man,0,Dev,6,1,6,0
<35,No,Undergraduate,1,Man,0,Dev,15,10,17,1
>35,No,Undergraduate,0,Man,1,Dev,18,16,16,1
<35,No,NoHigherEd,1,Man,1,Dev,20,3,15,1
<35,No,Other,0,Man,0,Dev,12,5,12,1
<35,No,Master,1,Man,0,Dev,9,5,23,1
<35,No,Undergraduate,1,Man,0,Dev,6,4,16,1
<35,No,Master,1,Man,0,Dev,10,5,21,1
>35,No,Undergraduate,1,Man,0,Dev,17,14,32,1
>35,No,Undergraduate,1,Man,0,Dev,20,12,7,1
<35,No,NoHigherEd,1,Man,0,Dev,5,3,3,0
>35,No,Undergraduate,1,Man,0,Dev,40,36,4,0
>35,No,PhD,1,Man,0,Dev,22,9,5,0
<35,No,Undergraduate,0,Woman,1,Dev,10,7,8,0
<35,No,Other,1,Man,0,Dev,13,8,18,1
<35,No,Master,1,Man,0,Dev,15,10,28,1
<35,No,Other,1,Man,1,Dev,14,10,25,1
<35,No,Undergraduate,1,Man,0,Dev,5,1,13,0
<35,No,Undergraduate,1,Man,0,Dev,10,8,6,0
>35,No,NoHigherEd,0,Man,0,Dev,20,10,30,1
<35,No,Undergraduate,1,Woman,1,Dev,10,0,18,1
<35,No,Master,1,Man,1,Dev,10,3,17,1
>35,No,Undergraduate,1,Man,0,Dev,20,20,13,0
<35,No,Undergraduate,1,NonBinary,1,Dev,9,2,14,0
<35,No,NoHigherEd,1,Man,0,Dev,15,15,16,0
<35,No,Undergraduate,1,Man,0,Dev,20,10,4,0
<35,No,Undergraduate,1,Man,0,Dev,8,0,32,1
<35,No,Master,1,Man,0,Dev,7,7,15,1
<35,No,PhD,1,Man,0,Dev,17,7,13,0
>35,No,Master,1,Man,0,Dev,20,12,11,1
<35,No,Undergraduate,1,Man,1,Dev,9,5,24,1
<35,No,Undergraduate,1,Woman,1,Dev,15,6,11,0
<35,No,NoHigherEd,1,Man,0,NotDev,3,1,16,1
<35,No,Undergraduate,1,Man,0,Dev,4,2,16,1
<35,No,Other,1,Man,0,Dev,2,2,6,0
<35,No,Master,1,Man,0,Dev,8,6,14,0
>35,No,Undergraduate,1,Man,1,NotDev,15,10,24,1
<35,No,Other,1,Man,0,Dev,9,6,16,1
<35,No,Other,0,Man,0,Dev,5,3,6,0
<35,No,Undergraduate,1,Man,1,Dev,4,2,9,0
<35,No,Master,1,Man,0,Dev,5,2,15,0
>35,No,Master,1,Man,0,Dev,25,20,16,1
<35,No,Undergraduate,1,Man,0,Dev,15,9,11,0
>35,No,Master,1,Man,0,Dev,30,13,20,1
<35,No,Undergraduate,1,Man,0,Dev,13,6,17,1
>35,No,Master,1,Man,0,Dev,30,20,17,1
<35,No,Other,1,Man,0,NotDev,19,13,13,1
<35,No,Undergraduate,1,Man,0,Dev,3,1,19,1
<35,No,Undergraduate,0,Man,1,Dev,5,2,22,1
<35,No,Undergraduate,1,Man,0,Dev,17,6,16,1
>35,No,Undergraduate,1,Man,0,Dev,20,17,9,0
>35,No,Undergraduate,1,Man,0,Dev,17,6,5,0
<35,Yes,Undergraduate,1,Man,0,Dev,10,7,11,0
<35,No,Undergraduate,1,Man,0,Dev,10,5,17,1
<35,No,Master,1,Man,0,Dev,7,3,8,1
<35,No,Undergraduate,1,Man,0,Dev,5,3,10,0
<35,No,Other,0,Man,0,Dev,5,4,15,1
<35,No,Undergraduate,1,Man,0,Dev,8,3,15,0
<35,No,NoHigherEd,1,Man,0,Dev,21,15,18,1
<35,No,Master,1,Man,0,Dev,16,10,27,1
>35,No,Undergraduate,1,Man,0,Dev,35,10,8,0
<35,No,NoHigherEd,0,Man,1,Dev,1,0,9,0
>35,No,Undergraduate,1,NonBinary,0,Dev,38,36,7,0
<35,No,Other,1,Man,1,Dev,14,7,6,0
<35,No,Undergraduate,0,Man,0,Dev,5,3,15,1
<35,No,Undergraduate,1,Man,0,Dev,8,3,10,0
>35,No,Undergraduate,1,Man,1,Dev,8,3,14,1
>35,No,PhD,0,Man,0,Dev,40,40,8,0
<35,No,Other,1,Man,0,Dev,5,4,21,1
>35,No,Other,1,Man,1,Dev,5,4,10,1
<35,No,NoHigherEd,1,Man,0,Dev,4,3,3,0
>35,No,Undergraduate,1,Man,0,Dev,3,1,21,0
<35,No,Undergraduate,1,Man,0,Dev,5,3,18,1
>35,No,Undergraduate,1,Man,0,Dev,6,4,14,1
<35,No,Master,1,Man,0,NotDev,6,0,2,0
<35,No,Undergraduate,1,Man,0,Dev,14,10,16,1
>35,No,Undergraduate,1,Man,0,Dev,40,36,21,1
<35,No,Undergraduate,1,Man,0,Dev,15,5,17,1
>35,No,Master,1,Man,0,NotDev,25,20,8,0
>35,No,Master,1,Man,0,Dev,21,16,11,1
<35,No,Other,1,Man,1,Dev,5,4,17,1
<35,No,Master,1,Man,0,Dev,2,0,14,1
<35,No,NoHigherEd,1,Man,0,Dev,10,5,3,0
>35,No,PhD,1,Man,0,Dev,20,17,14,0
<35,No,Other,1,Man,0,Dev,5,5,5,0
>35,No,NoHigherEd,1,Man,0,Dev,40,37,6,0
>35,No,Undergraduate,1,Man,0,Dev,23,19,21,1
<35,No,Undergraduate,1,Man,0,Dev,16,13,18,0
>35,No,Master,1,Man,0,Dev,18,12,2,0
<35,Yes,Master,1,Man,0,NotDev,20,15,24,0
>35,No,Undergraduate,1,Man,0,Dev,20,18,15,1
<35,Yes,Master,1,Man,1,Dev,13,5,8,0
<35,Yes,Undergraduate,1,Man,0,Dev,17,11,7,0
>35,No,Undergraduate,1,Woman,0,Dev,19,14,10,1
<35,No,Master,1,Man,0,Dev,20,9,7,1
<35,No,Undergraduate,1,Man,0,Dev,6,2,22,1
<35,No,Other,1,Man,0,Dev,1,0,5,0
<35,No,Undergraduate,0,Man,1,Dev,18,8,15,0
>35,No,PhD,1,Man,0,Dev,24,14,16,1
<35,No,Undergraduate,1,Man,1,Dev,12,4,13,0
>35,Yes,Undergraduate,1,Man,0,Dev,37,26,10,0
<35,No,Undergraduate,1,Man,0,Dev,3,2,11,0
<35,No,Master,1,Man,0,Dev,3,3,6,0
<35,No,Undergraduate,0,Man,0,Dev,8,4,10,1
<35,No,Undergraduate,1,Man,0,Dev,5,2,36,1
>35,No,Master,1,Man,0,Dev,22,12,13,1
>35,No,Undergraduate,0,Man,0,NotDev,20,18,21,1
<35,No,Master,1,Man,1,Dev,11,7,6,0
<35,No,NoHigherEd,1,Man,0,Dev,4,3,12,0
>35,No,NoHigherEd,1,Man,0,Dev,25,21,17,1
<35,No,Undergraduate,1,Man,0,Dev,8,7,18,1
<35,No,Master,1,Man,0,Dev,9,4,24,1
>35,No,Undergraduate,0,Man,1,Dev,10,1,3,0
<35,No,Master,1,Man,0,Dev,4,0,7,0
<35,No,PhD,1,Man,0,NotDev,7,2,3,0
<35,No,Undergraduate,1,Man,0,Dev,4,4,2,0
<35,No,Master,1,Man,1,Dev,10,5,17,1
<35,No,Master,1,Man,0,Dev,8,3,10,1
<35,No,Undergraduate,1,Man,1,Dev,6,3,15,1
<35,No,Undergraduate,1,Man,0,Dev,9,5,9,0
<35,No,Master,1,Man,0,Dev,21,7,21,1
>35,No,Undergraduate,1,Man,1,Dev,15,11,15,0
>35,No,NoHigherEd,1,Man,1,Dev,16,14,18,1
<35,No,Undergraduate,1,Man,0,Dev,11,3,16,0
<35,No,Master,1,Man,1,Dev,14,8,23,1
>35,No,Undergraduate,1,Man,1,Dev,23,21,9,1
<35,No,Undergraduate,1,Man,0,Dev,16,12,5,0
>35,No,Master,1,Man,0,NotDev,31,26,8,0
>35,No,Master,1,Man,0,Dev,17,15,17,1
>35,No,Undergraduate,0,Man,0,Dev,14,14,10,0
>35,No,Undergraduate,1,Man,0,Dev,25,25,16,0
<35,No,Undergraduate,1,Man,0,Dev,7,4,27,1
<35,No,Other,1,Man,0,Dev,6,4,11,0
<35,No,Undergraduate,1,Man,0,Dev,10,6,7,0
<35,No,Other,1,Man,0,Dev,7,1,7,1
<35,No,Other,1,Man,0,Dev,12,5,19,1
<35,No,Undergraduate,1,Man,0,Dev,14,9,7,0
>35,No,Undergraduate,1,Man,0,Dev,10,3,11,0
>35,No,Undergraduate,1,Man,1,Dev,9,4,6,0
>35,No,Undergraduate,1,Man,0,Dev,17,8,9,0
<35,No,Other,1,Man,0,Dev,10,8,13,0
>35,No,Master,1,Man,0,Dev,22,15,18,1
>35,No,Undergraduate,1,Man,0,Dev,20,15,18,0
<35,No,Undergraduate,1,Man,1,NotDev,11,2,16,1
<35,No,Master,1,Man,0,Dev,10,6,7,0
<35,No,Undergraduate,1,Man,1,Dev,6,0,11,0
<35,No,Undergraduate,0,Man,1,Dev,3,1,4,0
<35,No,Undergraduate,1,Man,1,Dev,20,14,8,0
<35,No,Undergraduate,1,Man,0,Dev,8,4,11,1
<35,No,Other,1,Man,0,Dev,4,3,18,1
<35,No,Undergraduate,1,Man,0,Dev,10,6,11,1
<35,No,Undergraduate,0,Man,0,Dev,16,13,17,1
>35,No,Other,1,Man,0,Dev,18,10,15,1
>35,No,Master,1,Man,0,Dev,20,14,12,1
<35,No,Undergraduate,1,Man,0,Dev,6,2,13,1
>35,No,Undergraduate,1,Man,0,Dev,18,11,3,0
>35,No,Undergraduate,1,Woman,1,Dev,3,2,11,0
<35,No,Undergraduate,0,Man,1,Dev,2,0,7,0
>35,No,Undergraduate,1,Man,0,NotDev,14,9,5,0
<35,Yes,Master,1,Man,1,Dev,7,5,12,1
<35,No,Undergraduate,1,Man,0,Dev,10,7,2,0
>35,No,Other,1,Man,0,Dev,25,21,16,1
>35,No,Other,1,Man,0,Dev,20,15,27,1
>35,No,Undergraduate,1,Man,0,NotDev,45,40,5,0
<35,No,NoHigherEd,1,Man,0,Dev,12,2,33,1
<35,No,Undergraduate,1,Man,0,Dev,12,6,11,1
>35,No,Master,1,Man,1,Dev,20,20,21,1
<35,No,Undergraduate,1,Man,0,Dev,17,11,14,1
<35,No,Undergraduate,1,Man,0,Dev,10,4,28,1
<35,No,Undergraduate,0,Woman,1,Dev,17,3,10,1
<35,No,Undergraduate,1,Man,0,Dev,7,3,16,1
>35,No,Undergraduate,0,Man,1,Dev,36,22,20,1
<35,No,Undergraduate,1,Man,1,Dev,7,4,17,1
<35,No,Master,1,Man,0,Dev,5,5,6,0
<35,No,Master,1,Woman,0,Dev,8,2,42,1
>35,No,Master,1,Man,0,Dev,20,8,2,0
<35,No,Undergraduate,1,Man,0,Dev,5,8,14,1
>35,No,Undergraduate,1,Man,0,Dev,30,19,12,0
>35,No,Undergraduate,1,Man,0,Dev,25,20,14,1
>35,No,NoHigherEd,1,Man,0,Dev,23,21,11,1
<35,No,Undergraduate,0,Man,0,Dev,20,14,5,0
<35,No,Undergraduate,1,Woman,0,Dev,6,2,16,1
<35,No,Undergraduate,1,Man,0,Dev,6,3,18,1
<35,No,Other,1,Man,0,Dev,9,6,11,1
>35,No,Master,1,Man,0,Dev,12,8,49,1
>35,No,Undergraduate,0,Man,0,Dev,25,17,23,1
<35,No,NoHigherEd,1,NonBinary,1,Dev,10,5,8,0
<35,No,Undergraduate,1,Man,0,Dev,1,0,8,0
<35,No,Undergraduate,1,Man,0,Dev,4,3,13,1
<35,No,Master,1,Man,0,Dev,16,10,0,0
<35,No,Other,1,Man,1,Dev,9,7,10,0
<35,No,Undergraduate,0,Man,0,Dev,3,1,30,1
<35,No,Undergraduate,1,Man,0,Dev,9,3,2,0
<35,No,Undergraduate,1,Man,0,Dev,15,10,11,0
>35,No,Undergraduate,0,Man,1,NotDev,42,42,12,0
<35,No,Undergraduate,1,Man,0,Dev,16,12,9,1
<35,No,Undergraduate,1,Man,1,Dev,16,11,11,0
>35,No,Master,1,Man,0,Dev,32,28,6,0
<35,No,Master,1,Man,0,Dev,7,4,21,1
<35,No,Undergraduate,1,Man,0,Dev,7,2,10,1
<35,No,Master,1,Man,0,NotDev,4,1,14,0
>35,No,Undergraduate,1,Man,0,Dev,10,6,14,0
<35,No,Undergraduate,1,Man,0,Dev,8,5,21,1
>35,No,Undergraduate,1,Man,0,Dev,48,33,7,0
<35,No,Other,1,Man,1,Dev,20,12,12,0
>35,No,Other,1,NonBinary,0,Dev,38,35,15,1
>35,Yes,Other,0,Man,0,Dev,28,19,14,1
<35,No,Undergraduate,1,Man,1,Dev,13,5,7,0
<35,No,Master,1,Man,0,NotDev,4,3,1,0
<35,No,Other,1,Man,0,Dev,2,0,12,1
<35,No,Master,1,Man,0,Dev,3,1,12,0
<35,No,Undergraduate,1,Man,1,Dev,12,2,14,1
<35,No,Master,1,Man,0,Dev,10,7,16,1
>35,No,Master,1,Man,1,Dev,17,10,30,1
<35,No,Undergraduate,1,Man,1,Dev,15,14,28,1
<35,No,Master,1,Man,0,Dev,8,6,14,1
<35,No,Master,1,Man,1,Dev,4,4,13,1
>35,No,Master,1,Man,0,Dev,25,15,15,1
<35,Yes,Undergraduate,1,Man,1,Dev,12,5,12,1
>35,No,Master,1,Man,0,Dev,39,21,17,1
<35,No,Undergraduate,1,Man,0,Dev,12,6,4,0
<35,No,Undergraduate,1,Man,1,NotDev,11,7,23,1
<35,No,Master,1,Man,0,Dev,13,8,5,0
>35,No,Master,0,Man,0,Dev,19,13,7,0
<35,No,Master,1,Woman,0,Dev,9,3,16,1
<35,No,Undergraduate,1,Man,0,Dev,5,1,28,1
<35,No,Undergraduate,1,Woman,0,Dev,7,3,19,1
<35,No,Undergraduate,1,Man,1,Dev,4,1,1,0
<35,No,Undergraduate,1,Man,1,Dev,10,3,12,0
<35,No,Undergraduate,1,Man,1,Dev,12,8,19,1
<35,No,Undergraduate,0,Woman,1,Dev,15,3,2,0
<35,No,Undergraduate,1,Man,0,Dev,5,0,14,1
<35,No,Undergraduate,0,Man,0,Dev,12,8,19,1
<35,No,Undergraduate,1,Man,0,Dev,8,5,26,1
<35,No,Master,1,Man,0,Dev,10,2,12,0
>35,No,Master,1,Man,0,Dev,36,31,9,0
>35,No,Master,1,Man,1,Dev,25,18,9,0
<35,No,Undergraduate,1,Man,0,Dev,10,9,9,1
<35,No,Undergraduate,1,Man,0,Dev,21,13,28,1
<35,No,Master,1,Man,0,Dev,7,4,21,1
<35,No,Master,1,Man,0,Dev,5,0,9,0
<35,No,Other,1,Man,1,Dev,5,3,9,0
<35,No,Master,1,Man,0,Dev,15,10,15,1
<35,No,Undergraduate,1,Man,1,Dev,11,4,20,1
>35,No,Undergraduate,1,Man,1,Dev,36,22,4,0
<35,No,Undergraduate,1,Man,1,Dev,10,5,6,0
<35,No,Master,1,Woman,1,Dev,1,0,9,0
<35,No,Undergraduate,1,Man,0,Dev,13,7,13,1
<35,No,Undergraduate,1,Man,0,Dev,15,5,15,1
<35,No,Undergraduate,1,Man,0,Dev,5,2,2,0
>35,No,Undergraduate,1,Man,0,Dev,10,0,15,1
<35,No,Undergraduate,1,Man,0,NotDev,10,8,7,0
>35,No,Other,1,Man,0,NotDev,20,10,12,1
>35,No,Other,1,Man,0,Dev,18,15,7,0
<35,No,NoHigherEd,1,Man,0,Dev,2,1,11,0
>35,No,Master,1,Man,0,Dev,10,4,17,1
<35,No,NoHigherEd,1,Man,1,Dev,10,7,18,1
>35,No,Undergraduate,0,Man,0,Dev,21,16,13,1
>35,No,Undergraduate,1,Man,1,Dev,15,12,15,1
<35,No,Undergraduate,1,Man,1,Dev,14,8,13,1
>35,No,Master,1,Man,0,Dev,14,9,5,0
<35,No,Undergraduate,1,Woman,0,Dev,5,2,14,1
>35,No,Master,0,Man,1,Dev,30,20,6,0
>35,No,Undergraduate,1,Man,1,Dev,27,21,14,1
>35,No,Master,1,Man,0,Dev,29,20,9,0
<35,No,Master,1,Man,0,NotDev,5,2,6,0
>35,No,Undergraduate,1,Man,0,Dev,25,15,16,1
>35,No,Undergraduate,1,Man,0,Dev,21,13,13,0
<35,No,Undergraduate,1,Man,1,Dev,13,8,21,1
<35,No,Undergraduate,1,Man,1,NotDev,4,4,2,0
>35,No,Undergraduate,0,Man,0,Dev,10,6,23,1
<35,No,Undergraduate,1,Man,0,Dev,14,10,10,1
>35,No,Other,1,Man,0,Dev,15,12,16,1
<35,No,Undergraduate,1,Man,1,Dev,4,2,15,1
<35,No,Master,1,Man,0,Dev,17,10,5,0
<35,No,Undergraduate,1,Man,1,Dev,11,2,12,1
<35,No,PhD,1,Woman,1,NotDev,9,4,18,1
<35,No,NoHigherEd,0,NonBinary,0,Dev,6,2,22,1
<35,Yes,Other,1,Man,1,Dev,11,6,17,1
<35,No,Master,1,Man,1,Dev,12,3,27,1
<35,No,Undergraduate,1,Man,0,Dev,7,7,24,1
>35,No,Undergraduate,1,Man,0,Dev,37,34,11,1
<35,No,Undergraduate,1,Man,0,Dev,9,7,12,0
>35,No,Master,1,Man,1,Dev,26,22,16,1
<35,No,NoHigherEd,1,Man,0,Dev,9,4,29,1
<35,No,Master,1,Man,0,Dev,7,3,10,1
<35,No,Undergraduate,1,Man,0,Dev,9,3,8,0
>35,No,Master,1,Man,0,Dev,20,14,2,0
<35,No,Undergraduate,1,Man,1,Dev,7,1,20,1
<35,No,Undergraduate,1,Woman,0,Dev,14,5,25,1
<35,No,Undergraduate,1,Man,0,Dev,13,9,15,0
>35,No,Other,0,Man,1,Dev,27,12,11,1
>35,No,Master,0,Man,0,Dev,46,44,12,0
<35,No,Master,1,Man,0,Dev,17,6,17,1
>35,No,Master,1,Man,0,Dev,36,30,6,0
<35,No,Master,1,Man,0,Dev,11,5,16,1
<35,No,Undergraduate,1,Man,0,Dev,2,0,9,0
>35,No,Undergraduate,1,Man,1,Dev,18,15,19,1
<35,No,Other,1,Man,0,Dev,10,5,15,1
<35,No,Undergraduate,1,Man,0,Dev,12,8,16,1
<35,No,Undergraduate,1,Man,0,Dev,5,3,12,1
<35,No,Master,1,Man,0,Dev,16,7,9,0
<35,No,Master,1,Man,0,Dev,19,7,4,0
<35,No,Master,1,Man,0,Dev,9,0,16,1
<35,No,Master,1,Man,0,NotDev,15,4,9,0
>35,No,PhD,1,Man,0,Dev,30,20,11,0
<35,No,Undergraduate,1,Man,0,Dev,12,6,5,0
>35,No,Master,1,Man,0,Dev,30,25,3,0
<35,No,NoHigherEd,0,Man,0,Dev,2,0,17,1
<35,No,Undergraduate,1,Man,0,Dev,10,2,12,1
<35,No,Undergraduate,1,Woman,0,Dev,6,1,2,0
<35,No,Master,1,Man,0,Dev,13,10,16,0
>35,No,Other,1,Man,0,Dev,30,20,12,0
<35,Yes,Undergraduate,1,Woman,1,Dev,7,3,9,0
<35,No,Undergraduate,1,Man,0,Dev,4,2,16,1
>35,No,Undergraduate,1,Man,0,Dev,29,29,3,0
>35,No,Undergraduate,1,Man,0,NotDev,19,15,22,1
>35,No,Other,1,Man,0,NotDev,2,0,15,1
>35,No,Undergraduate,0,Man,0,Dev,25,20,14,0
>35,No,Undergraduate,1,Man,0,Dev,20,15,13,1
<35,No,Other,1,Man,1,NotDev,6,1,15,1
<35,No,Master,1,Man,0,NotDev,9,3,5,0
>35,No,Master,1,Man,0,Dev,34,28,14,1
>35,No,Master,1,Man,0,Dev,28,24,13,0
<35,No,Undergraduate,1,Man,0,Dev,5,4,11,0
>35,No,PhD,1,Man,0,Dev,40,31,8,0
<35,No,Master,1,Man,0,Dev,5,1,11,1
<35,No,Undergraduate,1,Man,0,Dev,5,2,9,0
>35,No,Master,1,Man,0,Dev,34,21,10,0
<35,No,Undergraduate,1,Man,0,Dev,10,2,9,0
>35,No,Master,1,Man,0,Dev,22,12,21,0
<35,No,Undergraduate,1,Man,0,Dev,10,6,22,1
<35,No,Master,1,Woman,1,NotDev,3,1,5,0
<35,No,Other,1,Man,1,Dev,13,10,6,1
<35,No,Undergraduate,1,Man,0,Dev,20,8,12,1
>35,No,Undergraduate,1,Man,0,Dev,40,30,17,0
<35,No,Master,1,Man,0,Dev,16,7,6,0
<35,No,Other,1,Man,0,Dev,15,6,9,0
>35,No,Master,1,Man,0,Dev,12,9,19,1
<35,No,Undergraduate,0,Man,1,Dev,18,11,37,1
>35,No,Undergraduate,1,Man,0,Dev,45,42,12,1
>35,No,Other,1,Man,1,Dev,37,21,6,0
<35,No,Undergraduate,1,Man,0,NotDev,12,8,12,1
<35,No,Master,1,Man,0,Dev,14,4,13,1
>35,No,PhD,1,Man,0,Dev,27,14,23,1
<35,No,Undergraduate,1,Man,0,Dev,10,5,13,1
>35,No,Master,1,Man,0,Dev,39,37,17,1
<35,No,Master,0,Man,0,NotDev,4,2,2,0
<35,No,Other,1,Man,1,Dev,13,5,20,1
>35,No,Master,1,Man,1,NotDev,10,6,5,0
>35,Yes,Undergraduate,1,Man,0,Dev,37,17,13,0
<35,No,Other,1,Man,1,Dev,15,6,12,1
<35,No,Undergraduate,1,Woman,1,Dev,6,4,16,1
>35,No,Undergraduate,0,Man,0,Dev,25,21,19,1
<35,No,Undergraduate,0,Man,0,Dev,7,2,11,0
>35,No,Undergraduate,1,Man,0,Dev,20,16,11,0
>35,No,Undergraduate,1,NonBinary,0,Dev,31,28,10,1
>35,No,Other,0,Man,0,Dev,20,12,16,1
<35,No,Master,0,Man,0,Dev,10,6,34,1
<35,No,Undergraduate,1,Man,0,Dev,7,3,7,0
<35,No,NoHigherEd,1,Man,0,Dev,9,5,16,0
>35,No,NoHigherEd,0,Man,0,Dev,28,25,7,0
<35,No,Undergraduate,1,Man,0,Dev,19,7,16,0
<35,No,Undergraduate,1,Man,0,Dev,13,10,18,1
>35,No,Other,1,Man,0,Dev,20,15,27,1
<35,No,Undergraduate,1,Man,0,Dev,13,0,10,0
<35,No,Undergraduate,1,Man,0,Dev,6,4,6,0
<35,No,Other,1,Man,1,Dev,12,5,20,0
<35,No,Undergraduate,1,Man,0,Dev,6,2,15,0
<35,No,Undergraduate,1,Man,0,NotDev,2,0,15,1
>35,No,Master,1,Man,0,Dev,25,15,14,1
<35,No,Undergraduate,0,Man,0,Dev,6,6,8,0
<35,No,Master,1,Man,0,Dev,10,5,11,1
>35,No,Master,1,Man,0,Dev,15,12,5,0
<35,No,Other,1,Man,0,Dev,4,3,6,0
<35,No,Undergraduate,1,Man,0,Dev,11,8,9,0
>35,No,Master,0,Man,0,Dev,40,27,18,1
>35,No,NoHigherEd,1,Man,0,Dev,17,15,14,1
<35,No,Undergraduate,1,Man,0,Dev,4,1,10,0
<35,No,Undergraduate,1,Man,0,Dev,10,7,20,1
<35,No,NoHigherEd,1,Man,1,Dev,10,6,12,0
<35,No,Undergraduate,1,Man,0,NotDev,10,5,16,0
<35,No,PhD,1,Man,0,Dev,10,3,12,0
<35,No,Undergraduate,1,Man,1,Dev,14,7,15,1
<35,No,Undergraduate,1,Man,0,Dev,10,2,8,0
<35,No,Undergraduate,1,Man,0,Dev,4,4,27,1
<35,Yes,Other,1,Man,0,Dev,13,11,15,1
<35,No,Undergraduate,0,Man,0,Dev,3,3,17,1
<35,No,Master,1,Man,0,Dev,14,2,6,0
<35,No,Other,0,Man,1,Dev,7,0,15,1
>35,No,Undergraduate,1,Man,0,Dev,14,11,6,0
>35,No,Master,1,Man,0,Dev,20,3,4,0
>35,No,Master,0,Man,0,Dev,30,20,16,1
<35,No,Undergraduate,1,Man,0,Dev,13,9,18,1
<35,No,Undergraduate,1,Man,0,Dev,4,0,12,0
<35,No,Master,1,Man,0,Dev,8,5,11,1
<35,No,Undergraduate,1,Man,0,Dev,6,3,24,1
<35,No,Master,1,Man,0,Dev,10,7,32,1
<35,No,Undergraduate,1,Man,0,Dev,16,15,22,0
<35,No,Master,1,Man,0,Dev,8,8,25,1
<35,No,Master,1,NonBinary,0,Dev,9,9,3,0
<35,No,Other,1,Man,0,Dev,19,12,6,0
>35,No,NoHigherEd,1,Man,0,Dev,11,10,6,0
<35,No,Master,1,Man,1,Dev,14,7,5,0
<35,No,Other,1,Man,1,Dev,13,6,16,1
<35,No,Undergraduate,1,Man,0,Dev,6,2,22,1
<35,No,Other,1,Man,0,Dev,5,5,6,0
<35,No,Master,1,Man,0,Dev,8,3,5,0
>35,No,Undergraduate,0,Man,0,Dev,32,21,1,0
<35,No,NoHigherEd,0,Man,0,Dev,6,2,11,1
<35,No,Other,0,Man,0,Dev,15,9,11,1
>35,No,Undergraduate,1,Man,0,Dev,23,9,15,1
>35,No,Undergraduate,1,Man,0,Dev,23,18,11,0
<35,No,Undergraduate,1,Man,0,Dev,10,4,17,1
<35,No,Undergraduate,1,Man,0,Dev,10,2,10,1
>35,No,Undergraduate,0,Man,1,Dev,26,20,20,0
>35,No,Undergraduate,1,Man,0,Dev,24,18,15,1
>35,No,Undergraduate,1,Man,1,Dev,16,12,20,1
<35,No,NoHigherEd,1,Man,1,Dev,15,5,14,0
<35,No,Master,0,Man,0,Dev,13,6,11,0
<35,No,Master,0,Man,0,Dev,10,7,14,1
>35,No,Master,1,Woman,1,Dev,5,3,9,1
<35,No,Other,1,Man,0,Dev,12,10,14,0
<35,No,Master,1,Man,0,Dev,7,7,9,1
<35,No,Master,1,Man,0,Dev,14,8,9,1
>35,No,Master,1,Woman,1,Dev,5,1,15,1
<35,No,Undergraduate,1,Man,0,Dev,10,7,12,1
>35,No,Master,1,Man,0,Dev,16,8,14,0
>35,No,Undergraduate,0,Man,0,Dev,30,20,16,1
>35,No,Master,1,Man,0,Dev,18,14,9,1
>35,No,Undergraduate,1,Man,1,Dev,20,10,8,0
<35,No,Undergraduate,1,Man,0,Dev,9,8,32,1
<35,No,Master,1,Man,0,Dev,8,6,10,0
<35,No,Undergraduate,1,Man,0,Dev,6,5,17,1
<35,No,Master,1,Man,0,NotDev,10,2,16,0
<35,No,Undergraduate,1,Man,1,Dev,10,5,11,0
<35,No,Undergraduate,1,Woman,0,Dev,14,9,35,1
<35,No,Undergraduate,0,Man,0,Dev,9,6,21,1
<35,No,Undergraduate,1,Man,0,Dev,9,7,12,1
<35,No,Undergraduate,1,Man,0,Dev,10,0,9,0
<35,No,Undergraduate,1,Man,0,Dev,6,4,12,0
<35,No,Master,1,Man,0,Dev,14,11,5,0
<35,No,Undergraduate,1,Man,1,Dev,10,5,13,1
>35,No,Master,1,Man,0,Dev,22,19,6,0
>35,No,Undergraduate,1,Man,0,Dev,39,16,12,1
>35,No,Undergraduate,0,Man,0,Dev,30,26,14,1
<35,No,Undergraduate,1,Man,0,Dev,6,5,10,0
<35,No,Undergraduate,1,Man,0,Dev,11,6,17,0
<35,No,Undergraduate,1,Man,1,Dev,5,3,5,0
<35,No,Undergraduate,0,Man,0,Dev,3,3,6,0
<35,No,Undergraduate,1,Man,0,Dev,5,2,6,0
>35,No,Undergraduate,1,Man,0,Dev,20,16,8,1
<35,No,Undergraduate,0,Man,0,Dev,7,5,16,0
<35,No,Master,0,Man,0,NotDev,10,6,12,0
>35,No,Undergraduate,0,Man,0,Dev,7,5,5,0
>35,Yes,Master,0,Man,1,Dev,1,0,31,0
<35,No,Other,1,Man,0,Dev,11,8,10,0
<35,No,Master,1,Man,0,Dev,10,8,12,0
>35,No,PhD,1,Man,0,Dev,18,14,10,0
>35,No,Other,1,Man,1,Dev,35,25,14,1
<35,Yes,Undergraduate,1,Man,0,Dev,7,5,10,1
>35,No,NoHigherEd,1,Man,0,Dev,43,34,12,1
>35,No,Undergraduate,1,Man,0,Dev,22,9,10,1
>35,No,Master,1,Man,0,Dev,5,4,12,0
<35,No,Other,1,Man,0,Dev,10,6,4,0
>35,No,PhD,1,Man,0,Dev,22,10,17,1
<35,No,Master,1,Man,1,Dev,14,8,8,1
<35,No,Undergraduate,1,Man,0,Dev,12,8,16,1
<35,No,Master,1,Man,0,Dev,16,12,3,0
>35,No,Other,1,Man,0,Dev,22,19,13,1
>35,No,Undergraduate,1,Man,0,Dev,25,15,10,0
>35,No,Master,0,Man,0,Dev,25,20,27,1
<35,No,Master,1,Man,0,Dev,12,2,14,0
<35,No,Undergraduate,1,Man,1,Dev,13,10,15,1
>35,No,Undergraduate,1,Man,0,NotDev,19,13,10,0
<35,Yes,Other,1,Man,1,Dev,9,3,9,0
<35,No,Master,1,Man,0,Dev,10,3,1,0
<35,No,Undergraduate,1,Man,1,Dev,10,6,11,0
<35,No,Undergraduate,1,Man,0,Dev,8,4,11,0
<35,No,NoHigherEd,1,Man,0,Dev,1,2,8,0
>35,No,Other,1,Man,0,Dev,15,8,9,0
<35,No,Master,1,Man,0,NotDev,15,3,14,1
>35,No,Other,1,Man,0,Dev,36,23,7,0
<35,No,Undergraduate,1,Man,0,Dev,6,3,3,0
>35,No,Other,0,Man,0,Dev,18,4,9,1
>35,No,Undergraduate,0,Man,0,Dev,20,17,16,1
<35,No,Undergraduate,1,Man,0,Dev,5,0,23,1
<35,No,Undergraduate,0,Man,0,Dev,7,3,18,1
<35,No,Master,1,Man,0,Dev,10,7,15,1
>35,No,Undergraduate,0,Man,0,Dev,32,22,9,0
>35,No,Master,0,Man,0,Dev,31,17,20,0
<35,No,Undergraduate,1,Man,0,Dev,14,8,26,1
<35,Yes,Undergraduate,1,Man,1,Dev,10,2,7,1
<35,No,Other,1,Man,1,Dev,6,4,21,1
>35,No,Undergraduate,1,Man,0,Dev,6,3,7,1
>35,No,Other,1,Man,0,Dev,25,21,33,1
<35,No,Other,1,Man,0,Dev,4,2,20,1
<35,No,Undergraduate,1,Man,0,Dev,5,2,16,1
<35,No,Other,1,Man,0,Dev,3,0,9,1
<35,No,Undergraduate,0,Man,0,Dev,7,0,12,0
<35,No,Master,1,Man,1,Dev,13,3,6,0
<35,No,Undergraduate,1,Man,0,Dev,8,6,31,1
<35,No,Undergraduate,1,Man,0,Dev,9,3,19,0
<35,Yes,Undergraduate,0,Man,0,Dev,20,7,19,1
>35,No,PhD,0,Man,1,Dev,20,15,29,1
<35,No,Undergraduate,0,Man,0,Dev,8,8,12,0
<35,No,Master,0,Man,0,Dev,4,3,8,0
>35,No,Master,1,Man,0,Dev,23,15,10,1
>35,No,Master,1,Man,0,Dev,9,6,6,0
<35,No,Undergraduate,1,Man,0,Dev,8,4,11,0
<35,No,Undergraduate,1,Woman,0,Dev,10,4,14,1
<35,No,Undergraduate,1,Man,1,Dev,15,1,23,1
<35,No,Undergraduate,1,Man,0,Dev,6,3,18,1
>35,No,Undergraduate,1,Man,1,Dev,46,37,10,1
<35,No,Undergraduate,1,Man,0,Dev,10,4,8,0
>35,No,Other,1,Man,0,Dev,40,26,15,1
<35,No,NoHigherEd,1,Man,1,Dev,3,2,7,0
>35,No,Undergraduate,1,Man,0,Dev,17,9,6,0
>35,No,Master,1,Woman,0,Dev,10,9,7,0
>35,No,Undergraduate,0,Man,0,Dev,19,14,13,0
<35,No,Undergraduate,1,Man,0,Dev,10,5,16,1
<35,No,Undergraduate,1,Man,0,Dev,5,5,12,1
<35,No,Other,1,Man,0,Dev,3,2,13,1
<35,No,Master,1,Man,0,Dev,9,8,14,1
<35,No,NoHigherEd,1,Man,0,NotDev,5,5,17,0
>35,No,Undergraduate,1,Man,0,Dev,17,15,8,0
<35,No,Master,1,Man,0,Dev,14,6,20,0
<35,No,Undergraduate,1,Man,0,Dev,18,14,13,1
>35,No,Master,1,Man,0,Dev,26,18,8,0
<35,No,Master,1,Man,1,Dev,10,7,14,1
<35,No,Undergraduate,1,Man,0,Dev,8,3,5,1
>35,No,Master,1,Man,0,Dev,18,14,9,0
<35,No,Undergraduate,1,Man,1,Dev,12,4,14,1
<35,No,Master,0,Man,0,Dev,2,0,15,1
>35,No,NoHigherEd,1,Man,0,Dev,30,24,16,1
>35,No,Undergraduate,1,Man,0,Dev,28,24,7,0
>35,No,PhD,1,Man,1,Dev,35,20,10,1
<35,No,Master,1,Man,0,Dev,20,10,5,0
<35,No,Master,1,Man,0,Dev,10,7,15,1
>35,No,Undergraduate,1,Man,0,Dev,15,14,3,0
>35,No,Other,1,Man,0,Dev,30,25,18,1
<35,Yes,Master,1,Man,0,Dev,10,5,20,1
<35,No,Undergraduate,1,Man,0,Dev,10,8,12,0
<35,No,Undergraduate,1,Woman,0,Dev,12,8,16,1
<35,No,NoHigherEd,1,Man,1,Dev,10,6,21,1
<35,No,Undergraduate,1,Man,0,Dev,10,2,8,0
<35,No,Undergraduate,1,Man,0,Dev,6,5,9,1
>35,No,Undergraduate,1,Man,0,Dev,16,13,14,1
<35,No,Undergraduate,1,Man,0,Dev,7,1,17,1
<35,No,Master,1,Man,0,Dev,15,11,7,0
<35,No,Undergraduate,1,Man,0,Dev,6,0,6,0
>35,No,Master,1,Man,0,NotDev,24,18,13,0
<35,No,Undergraduate,1,Man,0,Dev,10,7,18,1
>35,No,Undergraduate,1,Man,0,Dev,19,17,10,1
>35,No,Other,1,Man,0,Dev,37,32,8,1
<35,No,Undergraduate,1,Man,0,Dev,7,7,27,1
<35,No,Undergraduate,1,Man,1,Dev,9,9,13,1
>35,No,Undergraduate,1,Man,0,NotDev,32,15,11,0
<35,No,Undergraduate,1,Man,0,Dev,18,6,14,0
<35,No,Undergraduate,1,Man,0,Dev,6,2,6,0
>35,No,Undergraduate,1,Man,0,NotDev,26,23,13,1
<35,No,Master,1,Man,0,Dev,6,1,24,1
<35,No,Undergraduate,1,Man,0,Dev,5,2,27,1
>35,No,Other,1,Man,0,Dev,27,23,22,1
>35,No,PhD,0,Man,0,Dev,35,30,23,1
<35,No,Undergraduate,1,Man,0,Dev,6,2,16,0
>35,No,Master,1,Man,0,Dev,25,17,13,1
>35,No,Master,0,Man,0,Dev,14,9,14,1
<35,No,Master,1,Man,0,Dev,8,5,11,1
<35,No,Master,1,Man,0,Dev,14,10,8,0
<35,No,Undergraduate,0,Man,0,Dev,18,12,19,1
>35,No,Master,1,Man,0,Dev,37,34,9,1
>35,No,Other,1,Man,0,Dev,35,30,15,1
>35,No,Master,1,Man,0,Dev,20,15,4,0
>35,No,Other,1,Man,0,Dev,38,25,22,1
>35,No,Master,1,Man,0,Dev,40,37,10,0
<35,No,Undergraduate,1,Man,0,Dev,13,7,15,0
<35,No,Other,1,Man,0,Dev,5,2,18,0
>35,No,Other,1,Man,1,Dev,22,17,21,1
>35,No,Undergraduate,1,Man,0,NotDev,16,9,19,1
>35,No,Master,0,Man,0,Dev,22,20,5,0
<35,No,Other,0,Man,0,Dev,7,4,16,1
<35,No,Undergraduate,1,Man,0,Dev,2,2,8,0
>35,No,Master,0,Man,0,Dev,30,26,6,0
>35,No,Undergraduate,1,Man,1,Dev,13,10,13,1
<35,No,Undergraduate,1,Man,0,Dev,4,2,13,1
>35,No,Undergraduate,1,Man,0,Dev,22,22,24,0
<35,No,Master,0,Man,0,Dev,16,12,21,1
<35,No,Undergraduate,1,Man,0,Dev,12,8,9,0
<35,No,Master,1,Man,0,Dev,7,4,5,1
<35,No,Master,1,Man,1,Dev,9,8,1,0
<35,No,Undergraduate,1,Man,0,Dev,2,0,13,0
<35,No,Undergraduate,1,Man,0,Dev,5,4,10,0
<35,No,Master,1,Man,1,Dev,8,3,20,1
<35,No,Undergraduate,1,Man,0,Dev,6,3,6,0
>35,No,Master,1,Man,0,Dev,14,14,20,1
>35,No,PhD,1,Man,0,Dev,18,13,11,0
<35,No,Master,1,Woman,1,Dev,10,7,10,0
>35,No,Undergraduate,1,Man,0,Dev,27,12,1,0
<35,No,Master,1,Man,0,Dev,9,3,4,0
>35,Yes,Undergraduate,1,Woman,0,Dev,17,15,11,1
<35,No,Undergraduate,1,Woman,0,Dev,3,3,14,0
<35,No,Undergraduate,0,Man,0,Dev,10,4,12,1
<35,No,Undergraduate,1,Man,0,Dev,6,1,17,1
<35,No,Other,1,Man,1,Dev,5,3,5,0
<35,No,Undergraduate,1,Man,0,Dev,12,6,13,1
<35,No,Other,1,Man,1,Dev,7,5,18,1
<35,No,NoHigherEd,1,Man,0,Dev,4,2,13,1
>35,No,Other,1,Man,0,NotDev,25,25,24,1
>35,No,Other,0,Man,1,Dev,41,38,17,1
<35,No,Other,1,Man,1,Dev,14,7,13,1
>35,No,Undergraduate,1,Man,1,Dev,11,7,13,1
<35,No,Undergraduate,1,Man,0,Dev,3,1,11,0
<35,No,Other,0,Man,0,Dev,9,9,33,1
>35,No,Undergraduate,1,Man,0,Dev,30,27,8,1
<35,No,Master,1,Woman,1,Dev,6,4,4,0
<35,No,Undergraduate,1,Man,0,Dev,9,5,12,1
>35,No,Master,1,Man,0,Dev,24,15,22,1
<35,No,Undergraduate,1,Man,0,Dev,10,3,14,0
<35,No,Master,1,Man,0,Dev,10,6,10,1
<35,No,Undergraduate,1,Man,0,Dev,9,5,9,0
<35,No,Other,1,Man,0,NotDev,8,4,14,1
<35,No,Undergraduate,0,Man,0,Dev,15,15,24,1
<35,No,Other,1,Man,0,Dev,15,9,11,0
<35,No,Master,1,Man,0,Dev,15,9,6,0
<35,No,Undergraduate,1,Man,1,Dev,5,1,29,1
<35,No,Undergraduate,1,Man,1,Dev,6,2,17,0
>35,No,NoHigherEd,1,Man,0,Dev,23,15,12,1
>35,No,Undergraduate,1,Man,0,Dev,26,13,20,1
<35,No,Master,1,Man,0,Dev,8,2,17,1
<35,No,Master,1,Man,0,Dev,12,8,6,1
<35,No,Master,1,Man,1,Dev,2,2,13,0
>35,No,Undergraduate,1,Man,0,Dev,24,21,4,0
>35,No,Undergraduate,1,NonBinary,0,Dev,40,30,12,1
>35,No,PhD,1,Man,0,NotDev,38,22,14,0
<35,No,Other,1,Man,0,Dev,16,10,32,1
>35,No,NoHigherEd,0,Man,0,Dev,25,20,10,0
>35,No,Other,1,Man,0,Dev,27,23,7,0
>35,No,Other,1,Man,0,Dev,22,20,16,1
<35,No,PhD,0,Man,0,NotDev,7,3,9,0
>35,No,Master,1,Man,1,Dev,22,18,15,1
<35,No,Master,1,Man,0,Dev,12,4,15,0
<35,No,Undergraduate,1,Man,1,Dev,6,2,14,1
<35,No,NoHigherEd,1,Man,1,Dev,3,1,18,1
<35,No,Undergraduate,1,Man,0,Dev,5,3,15,1
<35,No,Master,1,Man,0,Dev,1,0,8,0
<35,No,Master,1,Man,0,Dev,11,9,18,1
>35,No,Other,1,Man,0,Dev,12,8,10,1
>35,No,Undergraduate,1,Man,0,Dev,18,16,10,1
<35,No,Undergraduate,1,Man,0,Dev,17,13,14,0
>35,No,Undergraduate,1,Man,0,Dev,25,16,11,0
>35,No,Master,1,Man,1,Dev,30,20,18,0
<35,No,Undergraduate,1,Man,0,Dev,12,4,18,1
<35,No,Master,1,Man,0,Dev,22,16,6,0
>35,No,Undergraduate,1,Man,0,Dev,23,17,17,1
<35,No,Undergraduate,1,Man,0,Dev,8,3,9,0
>35,Yes,Master,1,Man,1,Dev,40,35,5,0
>35,No,Undergraduate,1,Man,1,Dev,30,23,11,0
<35,No,Undergraduate,1,Man,0,NotDev,1,1,1,0
<35,No,Undergraduate,1,Man,0,Dev,7,6,12,1
>35,No,Other,0,Man,0,Dev,11,9,4,0
<35,No,Undergraduate,1,Woman,0,Dev,5,3,12,0
>35,No,Undergraduate,1,Man,0,Dev,20,9,15,0
<35,No,Master,0,Man,0,Dev,10,6,17,0
<35,No,Other,1,Man,1,Dev,20,10,25,1
<35,No,Master,1,Man,1,Dev,10,6,25,1
<35,No,NoHigherEd,1,Man,0,Dev,11,7,17,1
<35,No,Undergraduate,1,Woman,0,Dev,8,7,5,1
<35,No,Master,1,Man,1,Dev,12,2,17,1
<35,No,NoHigherEd,1,Man,0,Dev,15,12,12,1
>35,No,Undergraduate,1,Man,0,Dev,28,23,26,1
>35,No,Undergraduate,1,Man,0,Dev,33,22,6,0
<35,No,Undergraduate,1,Man,0,Dev,14,10,14,1
>35,No,Master,1,Man,0,Dev,37,25,6,0
<35,No,Other,1,Man,0,Dev,10,6,13,0
>35,No,Undergraduate,0,Man,0,Dev,22,18,16,1
>35,No,Undergraduate,1,Man,0,Dev,12,8,10,0
<35,No,NoHigherEd,1,Man,0,Dev,6,5,6,0
<35,No,Undergraduate,1,Man,1,Dev,8,4,18,0
>35,No,Master,1,Man,1,NotDev,12,5,6,0
<35,No,Other,1,Man,0,Dev,15,11,5,0
<35,No,NoHigherEd,1,Man,0,Dev,5,3,15,1
<35,No,Undergraduate,1,Man,0,Dev,10,7,15,1
<35,No,Undergraduate,1,Man,0,Dev,3,1,10,0
>35,No,Undergraduate,1,Man,1,NotDev,25,13,12,0
<35,No,Master,0,Man,0,Dev,8,3,28,1
>35,No,Master,1,Man,0,Dev,30,24,26,1
>35,No,NoHigherEd,0,Man,0,Dev,22,17,14,1
<35,No,Undergraduate,1,Man,0,Dev,15,12,17,1
<35,No,Undergraduate,0,Man,0,Dev,7,5,18,1
>35,No,Undergraduate,1,Man,0,Dev,23,16,20,1
<35,No,Undergraduate,1,Man,0,NotDev,4,1,9,0
<35,No,Undergraduate,1,Man,0,Dev,6,2,24,1
<35,No,Master,1,Man,0,Dev,12,4,34,1
<35,No,Master,1,Man,0,Dev,12,2,22,0
>35,No,NoHigherEd,1,Man,0,NotDev,10,4,7,0
<35,No,Undergraduate,1,Man,1,Dev,8,3,16,1
>35,No,Undergraduate,1,Man,0,Dev,40,37,5,0
>35,No,Master,1,Man,0,NotDev,20,15,12,0
<35,No,Undergraduate,1,Man,0,Dev,2,1,6,0
>35,No,Master,1,Man,0,Dev,32,27,11,0
>35,No,NoHigherEd,1,Man,1,NotDev,29,29,10,0
<35,No,Undergraduate,1,Man,0,Dev,12,7,4,0
>35,No,Other,1,Man,1,Dev,24,17,24,1
>35,No,Undergraduate,1,Man,0,Dev,19,15,21,1
<35,No,Undergraduate,1,Man,1,Dev,15,11,0,0
<35,No,Undergraduate,1,Man,0,Dev,11,3,16,1
>35,No,Other,1,Man,0,Dev,17,14,17,1
>35,No,Undergraduate,1,Man,1,Dev,25,20,17,1
>35,No,Master,1,Man,0,Dev,24,20,6,0
<35,No,Master,1,Man,0,Dev,10,6,26,1
>35,No,Undergraduate,1,Man,0,Dev,24,20,3,0
<35,No,Undergraduate,1,Man,0,Dev,5,2,24,1
<35,No,Undergraduate,1,Woman,0,Dev,1,0,19,1
<35,No,Other,1,Man,0,Dev,15,7,19,0
>35,No,Other,0,Man,0,Dev,35,25,15,1
<35,No,Other,0,Man,0,Dev,8,5,11,1
<35,No,Undergraduate,1,Man,0,Dev,8,3,23,0
<35,No,Undergraduate,1,Man,0,Dev,11,6,33,1
>35,No,Undergraduate,1,Woman,1,Dev,18,18,3,0
<35,No,Undergraduate,1,Man,1,Dev,9,2,6,0
<35,No,Master,1,Man,0,Dev,8,5,10,0
<35,No,Undergraduate,1,Man,0,Dev,8,3,5,0
>35,No,PhD,1,Man,0,Dev,29,26,11,1
<35,No,Undergraduate,1,Man,0,Dev,12,8,40,1
>35,No,Master,1,Man,0,Dev,37,27,7,1
<35,No,Master,1,Man,0,Dev,12,6,14,1
<35,No,Undergraduate,1,Man,0,Dev,12,10,18,1
>35,No,Undergraduate,1,NonBinary,1,Dev,20,20,14,1
>35,No,Master,1,Man,0,Dev,34,29,27,1
<35,No,Undergraduate,1,Man,0,Dev,10,6,19,1
<35,No,PhD,0,Man,0,Dev,20,7,5,0
>35,No,Undergraduate,1,Man,0,Dev,22,17,17,1
<35,No,Undergraduate,0,Man,0,Dev,8,5,20,1
<35,No,Other,1,NonBinary,1,Dev,10,5,6,0
<35,No,Master,1,Man,0,Dev,10,6,11,1
>35,No,Undergraduate,1,Man,1,Dev,42,39,8,0
<35,No,Undergraduate,1,Man,1,Dev,8,2,10,0
<35,Yes,Undergraduate,1,Man,1,Dev,12,5,10,0
<35,No,NoHigherEd,1,Man,0,NotDev,5,5,13,0
>35,No,Master,1,Man,0,Dev,20,7,13,0
<35,No,Other,1,Man,0,Dev,12,6,17,0
>35,No,Undergraduate,1,Man,1,Dev,18,13,7,0
<35,No,Undergraduate,1,Man,0,Dev,16,10,19,1
<35,No,NoHigherEd,1,Man,0,Dev,1,0,5,0
<35,No,Master,1,Man,0,NotDev,2,0,3,0
>35,No,Undergraduate,1,Man,0,Dev,15,12,10,1
<35,No,Undergraduate,1,Man,0,Dev,6,3,5,0
<35,No,PhD,1,Man,0,Dev,15,5,15,1
<35,No,Undergraduate,1,Man,0,Dev,10,5,7,1
<35,No,PhD,1,Man,0,NotDev,12,7,8,0
<35,No,Other,1,Woman,1,Dev,12,3,6,0
<35,No,Master,1,Man,0,Dev,14,10,11,1
>35,No,Undergraduate,1,Man,0,Dev,25,21,20,1
<35,No,Undergraduate,0,Man,0,Dev,2,1,17,1
>35,No,Undergraduate,0,Man,0,Dev,22,18,19,1
>35,Yes,Other,1,Man,0,Dev,17,11,21,1
<35,No,Undergraduate,1,Man,0,Dev,12,8,7,0
<35,No,Undergraduate,1,Man,0,Dev,10,6,18,0
>35,No,Undergraduate,1,Man,0,Dev,17,8,6,0
<35,No,PhD,1,Man,0,Dev,15,9,12,1
<35,No,Undergraduate,1,Man,1,Dev,6,2,5,0
>35,No,Master,1,Man,0,Dev,25,16,20,0
>35,No,Undergraduate,1,Man,1,Dev,22,12,15,1
<35,No,Master,0,Man,0,Dev,5,7,5,0
<35,No,Master,0,Man,0,Dev,13,9,13,0
<35,No,Master,1,Man,0,Dev,12,5,14,0
<35,No,Master,1,Man,0,Dev,12,0,28,1
>35,No,Undergraduate,1,Man,0,Dev,15,10,7,0
<35,No,Master,1,Man,0,Dev,9,3,8,0
>35,No,Master,1,NonBinary,0,NotDev,20,10,16,1
<35,No,Undergraduate,1,Man,0,Dev,5,2,18,1
<35,No,Other,1,Man,0,Dev,15,6,36,1
>35,No,Other,1,Man,0,Dev,16,15,8,0
>35,No,Undergraduate,1,Man,0,Dev,24,19,4,0
<35,No,Other,1,Man,0,Dev,17,7,21,1
<35,No,Undergraduate,1,Man,0,Dev,4,2,19,1
<35,No,Master,0,Man,0,Dev,15,12,15,1
<35,No,Master,1,Man,0,Dev,15,10,18,1
<35,No,Undergraduate,1,Man,1,Dev,15,9,15,1
>35,No,NoHigherEd,1,Man,0,Dev,25,23,29,1
>35,No,Undergraduate,0,Man,1,Dev,41,39,20,1
<35,No,Undergraduate,0,Man,0,Dev,10,4,13,1
<35,No,Undergraduate,1,Woman,0,Dev,2,1,9,0
<35,No,Master,1,Man,0,Dev,14,5,10,1
<35,No,Master,1,Man,0,NotDev,9,0,15,0
>35,No,NoHigherEd,0,Man,1,Dev,30,25,5,0
>35,No,Undergraduate,1,Man,0,NotDev,35,33,10,1
>35,No,PhD,1,Man,0,Dev,18,12,29,1
>35,No,Undergraduate,1,Man,0,Dev,18,13,15,0
<35,No,Undergraduate,1,Man,0,Dev,5,4,9,0
>35,No,Undergraduate,1,Woman,1,Dev,10,5,3,0
<35,No,Undergraduate,1,Man,0,Dev,4,2,22,1
<35,No,Undergraduate,0,Man,0,Dev,8,5,19,1
>35,No,Master,1,Man,0,Dev,38,37,9,0
>35,No,NoHigherEd,1,Woman,0,Dev,20,8,25,1
<35,No,Undergraduate,0,Man,0,NotDev,5,1,27,1
<35,No,Undergraduate,1,Man,0,Dev,11,6,13,0
>35,No,Undergraduate,0,Man,0,Dev,20,10,17,1
<35,No,Undergraduate,1,Man,0,NotDev,2,2,6,0
<35,Yes,NoHigherEd,0,Woman,1,Dev,10,0,6,0
<35,No,Undergraduate,1,Man,0,Dev,4,0,12,0
<35,No,Master,1,Man,0,Dev,9,1,17,0
>35,No,PhD,1,Man,0,Dev,20,11,23,1
>35,No,Undergraduate,1,Man,0,Dev,19,19,18,1
>35,No,Master,0,Man,0,Dev,22,17,47,1
>35,No,Master,1,Man,0,Dev,40,22,33,1
<35,No,Other,0,Man,0,Dev,6,3,21,1
<35,No,NoHigherEd,1,Man,1,Dev,11,0,17,1
<35,No,Undergraduate,1,Man,0,Dev,25,13,24,1
>35,No,Undergraduate,1,NonBinary,0,Dev,26,22,22,1
<35,No,Undergraduate,1,Man,1,Dev,8,6,7,1
>35,No,Master,1,NonBinary,0,Dev,30,12,13,0
<35,No,Master,0,Man,0,Dev,20,14,21,1
<35,No,Master,1,Man,0,Dev,7,0,19,0
<35,No,PhD,1,Man,0,NotDev,10,7,10,0
<35,No,Undergraduate,1,Man,0,Dev,8,2,15,0
>35,No,Master,1,Man,0,Dev,13,13,15,0
<35,No,Undergraduate,1,Man,1,Dev,7,3,6,0
<35,No,Undergraduate,1,Man,0,Dev,7,4,16,1
>35,No,Master,0,Man,0,Dev,22,20,13,0
>35,No,Undergraduate,1,Man,0,Dev,10,10,14,1
<35,Yes,PhD,1,Man,1,NotDev,20,4,7,0
<35,No,PhD,1,Man,0,Dev,20,4,6,0
>35,No,Undergraduate,1,Man,1,Dev,9,9,6,0
<35,No,Other,1,Man,0,Dev,3,0,11,0
>35,No,Other,1,Man,0,Dev,24,17,12,1
>35,No,Master,1,Man,0,Dev,18,14,22,1
>35,No,Other,1,Man,0,Dev,22,20,17,1
<35,No,Master,1,Man,0,Dev,15,2,11,1
>35,No,PhD,1,Man,0,NotDev,36,36,2,0
>35,No,Master,1,Man,1,Dev,34,24,7,0
<35,No,PhD,1,Man,0,Dev,13,6,23,1
<35,No,Master,1,Man,0,Dev,7,3,14,1
<35,No,Other,0,Man,0,Dev,10,4,20,1
>35,No,Master,1,Man,0,Dev,19,16,22,1
<35,No,Undergraduate,1,Man,1,Dev,13,10,17,1
<35,No,Master,1,Man,0,Dev,13,8,9,0
<35,No,Undergraduate,1,Man,0,Dev,8,4,5,0
<35,No,Master,1,Man,1,Dev,5,3,16,1
<35,No,Undergraduate,1,Man,0,Dev,10,8,21,1
>35,No,Master,1,Man,0,Dev,23,21,8,0
>35,No,Master,1,Man,0,Dev,22,20,17,0
<35,No,Undergraduate,1,Man,0,Dev,4,1,12,1
<35,No,Undergraduate,1,Man,0,Dev,7,4,21,0
<35,No,Other,1,Man,1,Dev,5,1,3,0
<35,No,Undergraduate,0,Man,0,Dev,5,2,11,1
>35,No,Undergraduate,1,Man,0,Dev,6,3,3,0
>35,No,Undergraduate,1,Man,0,Dev,29,25,18,1
<35,No,Master,1,Man,0,Dev,7,5,19,1
>35,No,Master,1,Man,0,Dev,45,36,2,0
<35,No,Undergraduate,1,Man,0,Dev,5,3,12,1
>35,No,Master,1,Man,0,Dev,24,12,16,1
<35,No,Master,1,Man,0,Dev,16,10,18,1
>35,Yes,Other,1,Man,0,Dev,30,22,24,1
>35,No,Undergraduate,1,Man,0,Dev,16,13,10,0
>35,No,Master,1,Man,0,Dev,32,25,25,1
<35,No,Master,1,Man,0,NotDev,19,15,13,1
<35,No,Undergraduate,1,Man,0,Dev,11,6,28,1
<35,No,NoHigherEd,0,Man,0,Dev,12,7,13,1
<35,No,Undergraduate,1,Man,1,Dev,8,3,10,0
<35,No,Undergraduate,1,Man,0,Dev,8,3,16,1
>35,No,Undergraduate,1,Man,0,Dev,25,12,9,1
>35,No,Master,1,Man,0,NotDev,6,2,17,0
<35,No,Undergraduate,1,Woman,0,Dev,9,9,15,1
<35,No,Undergraduate,1,Woman,1,Dev,8,2,11,0
<35,No,Other,1,Man,0,Dev,15,10,15,1
<35,No,Undergraduate,1,Man,0,Dev,7,3,11,1
<35,No,Undergraduate,1,Man,0,Dev,4,1,7,1
>35,No,Other,1,Man,0,Dev,22,15,14,0
<35,No,Master,1,Man,0,Dev,13,5,4,0
<35,No,Master,1,Man,0,Dev,15,11,11,1
<35,No,Master,1,Man,0,Dev,23,9,4,0
>35,No,Other,0,Man,0,Dev,35,30,22,1
<35,No,Other,1,Man,0,Dev,2,2,18,1
<35,No,Undergraduate,1,NonBinary,0,Dev,11,10,17,1
>35,No,Master,1,Woman,0,Dev,22,19,1,0
>35,No,Undergraduate,1,Man,0,Dev,20,20,8,0
>35,No,Undergraduate,1,Man,1,Dev,15,9,13,1
<35,No,Undergraduate,1,Man,0,Dev,10,7,24,1
<35,No,Master,1,Man,0,Dev,10,7,16,1
<35,No,Undergraduate,1,Man,0,NotDev,5,2,18,1
<35,No,Master,1,Man,0,Dev,6,3,6,0
<35,No,Master,1,Man,0,Dev,7,7,18,0
>35,No,Undergraduate,1,Man,0,Dev,22,16,12,0
<35,No,Undergraduate,1,Man,0,Dev,12,9,18,1
<35,No,Undergraduate,1,Man,0,Dev,9,8,10,0
<35,No,Undergraduate,1,Man,1,Dev,6,3,7,0
<35,No,Undergraduate,1,Man,0,Dev,6,6,15,1
>35,No,Other,1,Woman,0,Dev,11,11,12,0
<35,No,Undergraduate,1,Man,0,Dev,5,1,11,0
<35,No,PhD,1,Man,0,NotDev,13,3,2,0
<35,No,Undergraduate,1,Man,0,Dev,7,1,15,1
<35,No,Master,1,Man,1,Dev,15,10,16,0
>35,No,Master,1,Man,0,Dev,13,0,12,0
<35,No,Undergraduate,1,Man,0,Dev,5,3,11,1
>35,No,Undergraduate,1,Man,0,Dev,15,10,11,0
>35,No,Master,1,Man,0,Dev,10,5,12,1
>35,No,Undergraduate,1,Woman,1,Dev,4,0,22,1
<35,No,Undergraduate,1,Man,0,Dev,3,3,7,0
<35,No,Master,1,Woman,0,Dev,5,2,6,0
>35,No,Other,1,Man,0,Dev,30,19,10,0
<35,No,Undergraduate,1,Woman,1,Dev,12,9,14,0
>35,No,Other,0,Man,0,Dev,25,17,26,1
>35,No,Master,1,Man,0,Dev,12,5,2,0
>35,No,Undergraduate,1,NonBinary,0,Dev,25,25,20,1
>35,No,Other,1,Man,0,Dev,35,30,22,1
<35,Yes,Undergraduate,1,Woman,1,Dev,9,7,42,1
<35,No,Undergraduate,1,Man,0,Dev,2,1,15,1
<35,No,Master,1,Man,0,NotDev,12,7,4,0
<35,No,Master,1,Woman,0,Dev,3,3,13,1
<35,No,Undergraduate,1,Man,1,Dev,23,11,11,0
<35,No,NoHigherEd,1,Man,0,Dev,17,13,43,1
>35,No,Undergraduate,1,Man,1,Dev,17,17,26,1
>35,No,Undergraduate,1,Man,0,Dev,18,10,8,0
<35,No,Master,1,Man,0,NotDev,9,4,24,1
<35,No,Undergraduate,1,Man,0,NotDev,8,3,10,1
>35,No,Undergraduate,1,Man,0,Dev,21,15,8,0
>35,No,Master,1,Man,1,Dev,21,15,6,0
<35,No,Master,1,Man,0,Dev,6,3,21,1
<35,Yes,Undergraduate,1,Man,0,Dev,7,3,17,0
>35,No,Other,0,Man,0,Dev,20,15,14,1
<35,No,Undergraduate,1,Man,0,Dev,13,11,19,1
<35,No,Undergraduate,1,Man,0,Dev,10,6,11,1
>35,No,Undergraduate,1,Man,0,NotDev,10,2,22,0
<35,No,Master,1,Man,0,Dev,7,3,15,1
<35,No,Undergraduate,1,Man,1,Dev,16,12,13,1
<35,No,Undergraduate,1,Man,0,Dev,7,2,13,0
>35,Yes,NoHigherEd,1,Man,0,Dev,23,21,21,0
<35,No,Other,1,Man,0,Dev,19,8,13,0
>35,No,Undergraduate,1,Man,0,Dev,20,20,10,0
<35,No,Other,1,Man,1,Dev,8,5,20,0
<35,No,Undergraduate,1,Man,0,Dev,4,0,16,0
<35,No,Master,1,Man,0,Dev,0,7,4,0
>35,No,Undergraduate,1,Man,0,Dev,40,30,14,1
<35,No,Other,0,Man,0,Dev,18,10,24,1
>35,No,Master,1,Man,0,Dev,29,18,7,0
<35,No,Undergraduate,1,Man,0,Dev,9,4,9,0
<35,No,Master,0,Man,1,Dev,20,10,13,1
<35,No,Undergraduate,1,Man,1,Dev,8,3,4,0
<35,No,Undergraduate,1,Man,1,Dev,7,4,11,0
>35,No,Other,1,Man,0,Dev,30,20,45,1
<35,No,Undergraduate,1,Man,0,NotDev,17,3,11,1
<35,No,Other,1,Man,1,Dev,10,8,6,0
<35,No,Master,1,Man,0,Dev,7,2,7,1
<35,No,Other,1,Woman,0,Dev,10,5,17,1
<35,No,Undergraduate,1,Man,0,Dev,16,5,7,0
<35,No,Undergraduate,1,Man,0,Dev,3,1,12,1
<35,No,Undergraduate,1,Man,0,Dev,6,4,18,1
<35,No,Undergraduate,1,Man,0,Dev,11,1,10,1
<35,No,Undergraduate,1,Man,0,Dev,15,12,10,0
<35,No,Other,1,Man,0,Dev,12,3,17,1
<35,No,Undergraduate,1,Man,1,Dev,10,9,36,1
<35,No,Undergraduate,1,Man,0,Dev,5,1,24,1
>35,No,Undergraduate,1,Man,0,Dev,27,21,11,0
<35,No,Master,1,Man,0,Dev,20,10,4,0
<35,No,Undergraduate,0,Man,0,Dev,10,2,20,1
>35,No,Master,1,Man,0,Dev,20,14,14,0
<35,No,Other,1,Man,1,Dev,18,12,18,1
>35,No,Other,1,Man,1,Dev,20,7,13,1
>35,No,Undergraduate,0,Man,0,Dev,17,13,15,1
>35,No,Undergraduate,0,Man,1,Dev,21,21,7,0
<35,No,Undergraduate,1,Man,0,Dev,5,2,12,1
>35,No,Master,1,Man,0,Dev,20,15,13,1
<35,No,Undergraduate,1,Man,0,Dev,6,4,17,1
>35,No,Undergraduate,1,Man,0,Dev,25,17,15,0
<35,No,Undergraduate,1,Man,1,Dev,15,8,11,0
<35,No,Master,0,Woman,0,Dev,10,7,4,0
>35,No,Master,1,Man,0,Dev,25,18,9,0
>35,No,Master,1,Man,0,Dev,21,16,24,1
>35,No,Other,1,Man,0,Dev,20,10,28,1
>35,No,Other,1,Man,0,Dev,42,36,7,1
<35,No,NoHigherEd,1,Man,1,Dev,7,4,19,1
<35,No,Master,1,Man,0,Dev,7,3,11,0
<35,No,Undergraduate,1,Man,0,Dev,9,2,8,0
<35,No,Undergraduate,1,Woman,1,Dev,6,1,13,1
>35,No,Master,1,Man,0,Dev,24,17,5,0
<35,No,Undergraduate,1,Man,0,Dev,7,7,26,1
<35,No,Undergraduate,1,Man,1,Dev,7,3,17,1
>35,No,Undergraduate,1,Man,0,Dev,20,15,12,0
<35,No,Master,1,Man,0,Dev,5,0,14,1
>35,No,Undergraduate,1,Man,0,Dev,30,22,12,0
>35,No,Master,1,Man,1,Dev,20,14,7,0
<35,No,Undergraduate,1,Woman,1,Dev,7,2,11,0
<35,No,Undergraduate,1,Man,0,Dev,7,3,9,0
<35,No,Undergraduate,1,Man,0,Dev,6,4,29,1
<35,No,Master,1,Man,0,Dev,8,3,15,1
>35,No,Master,1,Man,0,NotDev,25,20,8,0
>35,No,Other,1,Man,1,Dev,22,16,22,1
>35,No,Other,1,Man,0,Dev,24,15,8,0
>35,No,Undergraduate,1,Man,0,Dev,25,15,19,0
<35,No,Undergraduate,0,Man,0,Dev,9,1,13,0
<35,No,Other,1,Man,0,Dev,11,5,13,1
<35,No,Undergraduate,1,Man,0,Dev,15,7,10,0
>35,No,Master,1,Man,0,Dev,18,18,34,1
<35,No,Undergraduate,1,Man,0,Dev,15,9,6,0
>35,No,Other,1,Man,0,NotDev,5,5,8,0
>35,No,Master,0,Man,0,Dev,23,20,26,1
>35,No,Undergraduate,1,Woman,0,Dev,24,15,8,0
>35,No,Other,1,Man,1,NotDev,14,10,36,1
<35,No,Undergraduate,1,Man,0,Dev,7,3,11,1
>35,No,PhD,1,Man,0,NotDev,40,35,8,0
<35,No,Undergraduate,1,Man,0,Dev,10,8,22,1
<35,No,Undergraduate,1,Man,1,Dev,10,4,15,1
<35,No,Other,1,Man,1,Dev,18,4,28,1
<35,No,Undergraduate,1,Man,0,Dev,12,8,6,0
>35,No,Undergraduate,1,Man,1,Dev,28,18,12,1
<35,No,Other,1,Man,0,Dev,10,3,23,1
>35,No,Undergraduate,1,NonBinary,0,Dev,8,6,12,0
<35,No,Undergraduate,1,Man,0,Dev,4,1,21,1
<35,No,Undergraduate,1,Man,1,Dev,18,13,15,1
<35,No,Master,1,Woman,0,Dev,5,4,14,0
<35,No,Master,1,Man,1,Dev,10,4,17,0
<35,No,Master,1,Man,0,Dev,12,7,33,1
<35,No,Undergraduate,1,Man,0,Dev,8,2,1,0
<35,No,Undergraduate,0,Man,0,Dev,14,14,17,1
<35,No,Undergraduate,1,Man,0,Dev,6,3,10,0
<35,No,Undergraduate,1,Man,0,Dev,5,2,19,1
<35,No,Master,1,Man,0,Dev,7,3,13,1
<35,No,Undergraduate,1,Man,0,Dev,6,0,12,1
<35,No,Undergraduate,1,Man,0,Dev,4,0,7,0
<35,No,Master,1,Man,0,Dev,6,6,14,1
>35,No,Undergraduate,1,Man,1,Dev,25,20,12,1
<35,No,NoHigherEd,1,Man,0,Dev,12,9,10,0
<35,No,Undergraduate,1,Man,0,Dev,10,5,3,0
<35,No,Master,1,Man,0,NotDev,1,4,7,0
<35,No,Undergraduate,1,Woman,1,Dev,10,5,14,1
>35,No,Undergraduate,1,Man,0,Dev,21,17,14,1
<35,No,Undergraduate,1,Man,0,Dev,14,10,13,1
<35,No,Undergraduate,1,Man,0,Dev,1,0,15,1
<35,No,Undergraduate,1,Man,0,Dev,5,2,13,0
>35,No,Undergraduate,1,Man,0,Dev,36,23,22,1
<35,No,NoHigherEd,1,Man,1,Dev,10,3,17,1
<35,No,Undergraduate,1,Man,0,Dev,1,0,13,0
>35,No,Undergraduate,1,Man,0,Dev,19,18,17,1
>35,No,Undergraduate,1,Man,1,Dev,38,22,13,0
<35,No,Master,1,Man,0,Dev,12,8,11,1
<35,No,Undergraduate,1,Man,0,Dev,4,3,13,1
<35,No,Undergraduate,1,Man,0,Dev,4,3,21,1
<35,No,NoHigherEd,1,Man,0,Dev,10,1,17,1
>35,No,Other,0,Man,0,Dev,21,19,13,0
<35,No,Undergraduate,1,Man,0,Dev,8,5,6,0
>35,No,Master,1,Man,0,Dev,34,23,16,0
>35,No,Undergraduate,1,Man,0,Dev,22,14,13,0
<35,No,Other,1,Man,0,Dev,5,2,11,1
<35,No,Undergraduate,1,Man,1,Dev,6,3,12,1
<35,No,Master,1,Woman,1,Dev,10,3,5,0
<35,No,Master,1,Man,0,Dev,12,8,14,0
<35,No,PhD,1,NonBinary,1,Dev,10,1,11,1
>35,No,Master,1,Man,0,Dev,15,11,20,1
<35,No,Undergraduate,1,Man,1,Dev,11,6,9,0
>35,No,Master,1,Man,0,Dev,19,13,30,1
<35,No,Undergraduate,1,Man,0,Dev,15,10,16,0
<35,No,Undergraduate,1,Man,0,Dev,15,8,12,1
<35,No,Undergraduate,1,Man,0,Dev,14,3,14,1
>35,No,Other,1,Man,0,Dev,38,19,8,0
<35,No,Undergraduate,0,Man,0,Dev,15,9,15,1
<35,No,Undergraduate,1,Man,0,Dev,15,12,10,0
<35,No,PhD,1,Man,0,NotDev,4,2,8,0
<35,No,Master,1,Man,0,Dev,11,7,12,1
<35,No,Undergraduate,1,Man,0,Dev,2,1,20,1
<35,No,Undergraduate,1,Woman,0,NotDev,3,3,6,0
>35,No,Master,1,Man,0,Dev,35,25,10,0
<35,No,Master,1,Man,1,Dev,12,5,8,1
<35,No,Undergraduate,1,Man,0,Dev,3,2,12,0
<35,No,Other,1,Man,0,Dev,10,2,19,1
<35,No,Master,0,Man,0,Dev,15,9,37,1
<35,No,Master,0,Man,0,Dev,9,5,4,0
<35,No,Undergraduate,1,Man,0,NotDev,6,1,19,1
<35,No,Master,1,Man,0,Dev,5,5,24,1
>35,No,Undergraduate,0,Man,0,Dev,28,22,22,1
>35,No,Master,0,Man,0,Dev,21,15,15,1
<35,No,Undergraduate,1,Man,0,Dev,13,8,22,1
>35,No,Master,1,Man,0,Dev,34,13,15,1
<35,Yes,Undergraduate,1,Man,0,Dev,5,2,18,1
<35,No,Undergraduate,1,Man,0,Dev,9,6,13,1
>35,No,Master,0,Man,0,NotDev,42,37,8,0
<35,No,Master,1,Man,0,Dev,5,1,9,1
<35,No,Undergraduate,1,Man,0,Dev,25,12,12,0
<35,No,Other,1,Man,0,Dev,2,1,15,1
>35,No,Undergraduate,0,Man,1,Dev,33,25,7,0
>35,No,Master,1,Man,0,Dev,30,20,12,1
<35,No,Undergraduate,1,Man,0,Dev,17,10,25,1
>35,No,Master,1,Man,0,Dev,18,14,14,1
<35,No,Undergraduate,1,Man,0,Dev,10,6,26,1
>35,No,Other,1,Man,0,Dev,18,16,34,1
<35,No,Undergraduate,1,Man,0,Dev,12,4,12,0
<35,No,Master,0,Man,0,Dev,10,7,10,0
<35,No,Master,1,Man,1,Dev,11,2,15,1
<35,No,Undergraduate,1,NonBinary,0,Dev,6,2,12,0
<35,No,Master,1,Man,0,Dev,6,4,6,0
<35,No,Master,1,Man,0,Dev,10,4,37,1
>35,No,Other,1,Man,0,Dev,21,11,9,1
>35,No,Other,1,Man,0,Dev,5,2,15,1
>35,No,PhD,1,Man,0,Dev,18,13,27,1
<35,No,Undergraduate,1,Man,0,Dev,4,2,6,0
<35,No,NoHigherEd,0,Man,1,Dev,20,14,14,1
<35,No,Undergraduate,1,Man,1,Dev,8,4,13,1
<35,No,Undergraduate,0,Man,0,Dev,15,5,20,1
<35,No,NoHigherEd,1,Man,0,Dev,8,3,17,1
>35,No,Undergraduate,1,Man,1,Dev,20,14,21,1
<35,No,Undergraduate,1,Man,0,Dev,10,7,15,1
>35,No,NoHigherEd,1,Man,0,Dev,41,40,22,0
<35,No,Master,1,Man,0,Dev,2,1,23,1
>35,No,Other,1,Man,0,Dev,20,15,15,1
<35,No,Undergraduate,1,Man,0,Dev,14,5,16,1
<35,No,Master,1,Man,1,NotDev,6,4,18,1
<35,No,Undergraduate,1,Man,0,Dev,8,2,15,1
>35,No,Master,1,Man,0,Dev,22,16,7,0
>35,No,Undergraduate,1,Man,0,Dev,18,14,10,1
<35,No,Undergraduate,1,Man,1,Dev,8,1,2,0
<35,No,Undergraduate,1,Man,0,Dev,15,11,18,1
<35,No,NoHigherEd,1,Man,1,Dev,13,10,7,0
<35,No,Undergraduate,1,Man,1,Dev,7,4,30,1
<35,No,Undergraduate,1,Man,0,Dev,10,2,18,1
>35,No,Master,1,Man,0,Dev,22,16,23,1
>35,No,Other,1,Man,0,Dev,22,20,17,0
<35,No,NoHigherEd,0,Man,0,Dev,7,4,12,0
>35,No,PhD,1,Man,0,NotDev,10,10,7,0
<35,No,Undergraduate,1,Man,0,Dev,7,3,12,0
>35,No,Master,1,Man,0,Dev,20,14,23,1
>35,No,Undergraduate,1,Woman,0,Dev,25,8,19,1
<35,No,Master,1,Man,0,Dev,6,3,11,0
<35,No,Undergraduate,1,Man,1,Dev,8,5,7,0
<35,No,NoHigherEd,0,Man,0,Dev,6,2,19,0
>35,No,Undergraduate,0,Man,1,Dev,22,20,10,0
<35,No,Other,1,Man,0,Dev,10,3,13,0
<35,No,NoHigherEd,1,Man,0,Dev,10,2,9,0
<35,No,Undergraduate,1,Man,1,Dev,3,1,11,0
<35,No,Undergraduate,1,Man,0,Dev,8,5,12,0
<35,No,Other,0,Man,0,Dev,8,3,17,1
>35,Yes,Master,1,Woman,1,Dev,5,5,12,0
<35,No,Master,1,Man,0,NotDev,3,3,11,1
<35,No,Undergraduate,1,Man,1,Dev,8,6,8,0
<35,No,Undergraduate,0,Man,1,Dev,4,2,16,0
<35,No,Undergraduate,1,Man,0,Dev,7,6,5,0
>35,No,Other,0,Man,1,Dev,30,12,15,0
>35,Yes,PhD,1,Woman,0,Dev,22,13,15,1
>35,No,Master,1,Man,0,Dev,26,18,10,1
<35,No,Other,1,Man,0,Dev,5,0,9,1
<35,No,Undergraduate,1,Man,1,Dev,4,2,10,1
<35,No,Undergraduate,1,Man,0,Dev,9,4,20,1
<35,No,Undergraduate,1,Man,0,Dev,7,3,14,0
>35,No,Master,1,Man,0,Dev,10,6,13,0
<35,No,Undergraduate,1,Man,0,Dev,10,7,8,0
<35,No,Master,1,Man,1,Dev,16,14,15,1
>35,No,Undergraduate,1,Man,0,Dev,40,40,1,0
<35,No,Other,1,Man,0,Dev,15,15,22,1
<35,No,Undergraduate,1,Man,0,Dev,15,9,23,1
>35,No,Other,1,Man,0,Dev,10,6,21,1
>35,No,Undergraduate,1,Man,1,Dev,22,20,14,0
>35,No,Other,1,Man,1,Dev,30,15,18,1
<35,No,Undergraduate,1,Man,0,Dev,5,0,18,1
<35,No,Undergraduate,1,Man,0,Dev,9,3,15,1
<35,Yes,Master,1,NonBinary,1,NotDev,5,1,15,0
<35,No,Undergraduate,1,Man,0,Dev,11,7,9,0
<35,No,PhD,1,Man,0,Dev,10,5,18,1
<35,No,Undergraduate,1,Man,0,Dev,14,8,9,0
>35,Yes,Other,0,Man,1,NotDev,27,14,5,0
>35,No,Undergraduate,1,Man,1,Dev,11,8,13,1
<35,No,Other,0,Woman,1,Dev,6,2,10,0
<35,No,Undergraduate,1,Man,0,Dev,8,8,21,1
<35,No,Master,1,Man,0,NotDev,10,6,12,0
<35,No,Master,1,Man,0,Dev,4,3,14,1
<35,No,Master,1,Man,0,NotDev,7,3,8,0
<35,No,Undergraduate,1,Man,1,Dev,15,3,16,1
<35,No,Undergraduate,1,Man,0,Dev,4,0,11,0
>35,No,Master,0,Woman,0,NotDev,30,15,12,0
<35,No,Other,1,Man,0,Dev,8,9,11,1
<35,No,PhD,1,Man,0,NotDev,7,1,4,0
>35,No,Undergraduate,1,Man,0,Dev,4,4,13,0
<35,No,Undergraduate,1,Man,0,Dev,6,2,12,1
<35,No,Undergraduate,1,Man,0,Dev,8,6,18,1
>35,No,Undergraduate,1,Man,0,Dev,18,14,5,0
<35,No,NoHigherEd,1,Man,1,Dev,5,3,9,0
<35,No,Undergraduate,1,Man,0,Dev,12,8,11,0
<35,No,Master,1,Man,0,Dev,10,8,13,0
<35,No,Master,1,Man,0,Dev,11,5,19,1
<35,No,Master,1,Man,0,Dev,8,3,10,0
<35,No,Undergraduate,1,Man,0,Dev,11,8,6,1
<35,No,Master,1,Man,0,Dev,9,2,6,0
>35,No,Other,1,Man,0,Dev,14,11,25,1
>35,No,Master,1,Man,0,NotDev,38,25,10,0
<35,No,Master,1,Man,0,NotDev,4,0,5,0
<35,No,Undergraduate,1,Man,0,Dev,7,5,9,0
<35,No,Undergraduate,0,Man,0,Dev,10,2,22,1
<35,No,Undergraduate,1,Man,0,Dev,12,7,25,1
>35,No,Undergraduate,1,Man,0,NotDev,8,7,11,1
<35,No,NoHigherEd,1,Man,1,Dev,15,11,21,1
<35,No,Other,1,Man,0,Dev,7,7,18,0
<35,No,Undergraduate,1,Woman,1,Dev,10,3,12,1
<35,No,Undergraduate,1,Man,0,Dev,11,8,13,1
<35,No,NoHigherEd,0,Man,0,Dev,20,10,30,1
<35,No,Other,1,Man,0,Dev,14,9,9,0
<35,No,Undergraduate,1,Man,1,Dev,16,10,25,1
>35,No,Undergraduate,1,Man,0,Dev,13,10,6,0
>35,No,Undergraduate,1,Man,0,Dev,20,11,9,0
>35,No,Other,1,Man,0,Dev,19,16,9,0
<35,No,Other,1,Man,1,Dev,15,12,15,0
>35,No,Master,1,Man,0,Dev,23,20,23,1
<35,No,Undergraduate,1,Man,0,Dev,8,3,14,1
<35,No,Other,1,Man,0,Dev,4,3,9,1
<35,No,Undergraduate,1,Man,0,Dev,4,1,9,0
<35,No,Undergraduate,1,Man,0,Dev,8,4,17,0
<35,No,Other,1,Woman,0,Dev,12,10,13,1
<35,No,Undergraduate,1,Man,0,Dev,7,3,16,1
<35,No,PhD,0,Man,0,Dev,10,7,13,0
>35,No,Undergraduate,0,Man,0,Dev,25,18,12,0
>35,No,Other,1,Man,0,Dev,20,18,10,1
<35,No,NoHigherEd,1,Man,0,Dev,8,5,10,0
<35,No,Other,1,Man,0,Dev,6,5,10,0
>35,No,Undergraduate,1,Man,1,Dev,27,20,3,0
<35,No,Undergraduate,1,Man,1,Dev,8,2,7,0
>35,No,Master,1,Man,0,Dev,50,50,8,1
<35,No,Undergraduate,1,Man,1,Dev,4,2,9,1
<35,No,Undergraduate,1,Woman,0,Dev,13,7,10,1
>35,No,PhD,1,Man,1,NotDev,40,25,8,0
<35,No,Undergraduate,1,Woman,0,Dev,4,2,11,1
<35,No,Master,0,Man,0,Dev,10,6,12,0
>35,No,Master,0,Man,0,Dev,25,20,8,0
>35,No,PhD,0,Man,0,NotDev,50,35,1,0
<35,No,Undergraduate,1,Man,0,Dev,20,10,18,1
>35,No,NoHigherEd,1,Man,0,Dev,5,5,10,0
>35,No,Undergraduate,1,Man,0,Dev,24,18,10,0
>35,No,Undergraduate,1,Man,1,Dev,24,17,24,1
<35,No,Other,1,Man,0,Dev,15,7,22,1
<35,No,NoHigherEd,1,Man,1,Dev,15,6,26,1
<35,No,Undergraduate,1,Man,0,Dev,20,10,21,1
<35,No,Master,1,Man,0,Dev,12,5,23,1
>35,No,Undergraduate,1,Man,0,Dev,26,21,13,1
<35,No,Undergraduate,1,Man,0,Dev,23,15,18,1
<35,No,Undergraduate,1,Man,0,Dev,12,4,9,0
>35,No,Other,1,Man,0,Dev,14,10,9,0
<35,No,Undergraduate,1,Man,0,Dev,6,0,11,0
>35,No,Undergraduate,1,Man,0,Dev,27,21,17,0
>35,No,Undergraduate,1,Man,0,Dev,29,28,3,0
>35,No,Undergraduate,1,Man,0,Dev,12,10,6,0
<35,No,Undergraduate,1,Man,0,Dev,5,3,9,0
<35,No,Other,1,Man,0,Dev,9,3,3,0
<35,No,Undergraduate,1,Man,0,Dev,10,2,17,1
<35,No,Undergraduate,1,Man,0,Dev,16,5,20,1
<35,No,Undergraduate,1,Man,0,Dev,10,7,14,1
<35,No,Other,1,Man,0,NotDev,7,1,3,0
>35,No,Undergraduate,1,Man,1,Dev,20,15,20,1
<35,No,Master,1,Man,0,Dev,12,7,21,1
<35,No,Master,1,Man,0,Dev,4,1,5,0
<35,No,Undergraduate,1,Man,0,Dev,12,6,21,1
<35,No,Master,1,Man,0,Dev,10,7,11,0
<35,No,Master,1,Man,0,NotDev,5,2,13,0
<35,No,Other,1,Man,1,Dev,8,4,3,0
>35,No,Undergraduate,1,Man,1,NotDev,15,10,21,1
<35,No,Master,1,Man,0,Dev,11,2,7,0
<35,No,Undergraduate,1,Man,1,Dev,8,4,11,1
<35,No,Other,0,Man,0,Dev,11,11,23,1
<35,No,Undergraduate,1,Man,1,Dev,6,1,20,1
<35,No,Undergraduate,1,Man,0,Dev,17,10,29,1
>35,No,NoHigherEd,0,Woman,0,Dev,3,2,13,1
>35,No,Undergraduate,1,Woman,0,Dev,10,8,15,0
<35,No,Other,0,Man,0,Dev,6,4,17,0
<35,No,Undergraduate,1,Man,0,Dev,12,0,16,0
<35,No,Master,1,Man,0,Dev,9,4,19,1
>35,No,Undergraduate,1,Man,0,Dev,16,12,9,1
>35,No,Undergraduate,1,Woman,0,Dev,17,13,4,0
<35,No,Undergraduate,1,Man,0,Dev,11,7,31,1
<35,No,Other,1,Man,0,Dev,2,2,15,1
<35,No,Undergraduate,1,Man,0,NotDev,4,0,23,1
>35,No,PhD,0,Man,0,Dev,25,10,14,0
>35,No,Undergraduate,1,Man,0,Dev,13,12,16,0
<35,No,Undergraduate,1,NonBinary,0,Dev,5,1,21,1
<35,No,Undergraduate,1,Man,0,Dev,16,9,21,1
<35,No,Undergraduate,1,Woman,0,Dev,10,2,11,0
>35,No,Master,1,Man,0,Dev,13,11,11,0
<35,No,Other,0,Man,1,Dev,7,4,27,1
<35,No,Master,0,Man,1,Dev,5,2,3,0
<35,No,Master,1,Man,0,Dev,4,3,9,0
>35,No,Undergraduate,1,Man,0,Dev,20,15,28,1
<35,No,Undergraduate,1,Man,0,Dev,7,2,18,1
>35,No,Master,1,Man,0,Dev,12,8,5,0
<35,No,Undergraduate,1,Man,1,Dev,5,4,11,0
<35,No,Undergraduate,1,Man,0,Dev,18,9,12,1
>35,No,Undergraduate,1,Man,0,Dev,21,11,10,0
<35,No,Undergraduate,1,Man,0,Dev,16,11,8,0
<35,No,PhD,1,Man,1,NotDev,15,5,7,0
<35,No,Undergraduate,1,Man,0,NotDev,8,5,9,0
<35,No,Undergraduate,1,Man,1,Dev,8,4,9,1
<35,No,Undergraduate,1,Man,0,Dev,6,3,11,0
<35,No,Other,1,Man,0,Dev,10,4,14,1
<35,No,Undergraduate,1,Woman,0,Dev,6,0,8,0
<35,No,Other,1,Man,0,Dev,3,1,14,1
<35,No,Other,0,Man,1,Dev,5,1,28,1
<35,No,Other,1,Man,0,Dev,12,8,3,0
<35,No,Master,1,Man,1,Dev,8,4,15,0
<35,No,Undergraduate,1,Man,0,Dev,13,18,11,1
>35,No,Undergraduate,0,Man,0,Dev,30,22,12,0
<35,No,Undergraduate,1,Man,0,Dev,8,3,11,1
<35,No,NoHigherEd,1,Man,0,Dev,8,5,5,0
<35,No,NoHigherEd,1,Man,0,Dev,14,5,8,0
<35,No,Other,1,Man,1,Dev,20,2,17,1
<35,No,Undergraduate,1,Man,0,Dev,7,4,18,1
<35,No,Undergraduate,0,Man,0,Dev,15,9,8,0
<35,No,Master,1,Man,0,Dev,8,4,18,0
<35,No,NoHigherEd,1,Man,0,Dev,10,1,9,1
<35,No,Undergraduate,1,Man,0,Dev,12,9,21,1
>35,No,Undergraduate,1,Man,0,Dev,40,25,5,0
<35,No,Undergraduate,1,Man,1,Dev,10,6,8,1
<35,No,Master,1,Man,0,Dev,14,9,9,1
<35,No,Master,1,Man,0,Dev,2,1,16,1
<35,No,Undergraduate,1,Woman,1,Dev,5,0,27,1
<35,No,Undergraduate,0,Man,1,NotDev,6,4,7,0
<35,No,Undergraduate,1,Man,1,Dev,8,5,9,0
>35,Yes,Master,1,Man,1,Dev,20,20,24,1
>35,No,Undergraduate,1,Man,0,Dev,47,42,7,0
>35,No,Master,1,Man,0,Dev,31,25,14,1
<35,No,Undergraduate,1,Woman,1,Dev,13,5,10,0
<35,No,PhD,1,Man,0,NotDev,18,4,7,0
>35,No,Master,1,Man,0,Dev,27,23,16,1
>35,Yes,Undergraduate,1,Man,1,Dev,15,12,12,1
<35,No,Undergraduate,1,Man,0,Dev,2,2,11,0
<35,No,Undergraduate,1,Man,0,Dev,15,10,11,1
>35,No,Undergraduate,1,Man,1,Dev,6,3,20,1
<35,No,Master,1,Man,0,Dev,6,5,9,1
<35,No,Master,1,Man,0,Dev,10,6,15,1
>35,No,Master,0,Man,0,Dev,22,16,25,1
<35,Yes,Undergraduate,0,Man,0,Dev,9,5,20,1
>35,No,Master,1,Man,0,Dev,38,26,5,0
>35,No,Undergraduate,1,Man,0,Dev,14,10,10,0
<35,No,Other,1,Man,0,Dev,4,0,11,1
>35,No,Undergraduate,1,Man,0,Dev,20,16,9,0
<35,No,Other,1,Man,0,NotDev,8,3,12,0
<35,No,Undergraduate,1,Man,0,Dev,15,4,10,0
>35,No,Master,1,Woman,0,Dev,2,0,6,0
>35,No,Master,1,Man,0,Dev,28,18,18,1
<35,No,NoHigherEd,0,Man,0,Dev,8,0,14,0
<35,No,NoHigherEd,1,Man,0,Dev,9,4,20,1
<35,No,Undergraduate,0,Man,1,Dev,12,3,10,0
>35,No,Undergraduate,1,Man,0,Dev,8,8,10,0
<35,No,Undergraduate,1,Man,0,Dev,4,2,9,0
>35,No,Other,1,Man,0,NotDev,4,4,1,0
<35,No,Other,1,Man,1,Dev,10,3,16,1
>35,No,Undergraduate,1,Man,0,Dev,25,21,9,1
>35,No,Master,1,Man,0,Dev,50,25,15,1
<35,No,Master,1,Man,0,Dev,6,5,14,1
<35,No,Undergraduate,1,Man,0,Dev,12,10,4,0
>35,No,Master,0,Man,1,Dev,34,15,14,1
>35,No,Master,1,Man,0,Dev,25,20,3,0
<35,No,Undergraduate,1,Man,1,NotDev,15,9,6,0
>35,No,Other,1,Man,0,NotDev,10,7,10,0
<35,No,Other,0,Man,0,Dev,5,2,11,1
<35,No,NoHigherEd,1,Man,1,Dev,14,9,17,0
<35,No,Master,1,Man,0,Dev,17,11,5,0
<35,No,Master,0,Man,0,Dev,15,8,15,1
>35,No,Undergraduate,1,Man,0,Dev,17,15,38,1
<35,No,Undergraduate,1,Man,0,Dev,5,4,11,0
>35,No,Undergraduate,1,Man,0,Dev,41,30,10,1
<35,No,Undergraduate,1,Man,1,Dev,12,9,17,1
>35,No,Undergraduate,1,Man,1,Dev,15,10,13,0
<35,No,Undergraduate,1,Man,0,Dev,7,6,16,0
<35,No,Master,0,Man,0,Dev,5,1,9,0
<35,No,Undergraduate,1,Man,1,Dev,11,3,8,0
<35,No,Master,1,Man,0,Dev,8,5,12,1
>35,No,Undergraduate,1,Man,0,Dev,16,4,12,1
>35,No,Other,1,Man,1,Dev,25,15,14,0
>35,No,Undergraduate,1,Man,0,Dev,15,11,27,1
<35,No,Master,1,Man,1,Dev,10,2,6,0
>35,No,Master,1,Man,0,Dev,18,13,4,0
<35,No,Undergraduate,1,Man,0,Dev,7,3,7,0
<35,No,Undergraduate,1,Man,1,Dev,7,7,11,1
<35,No,Master,1,Man,1,Dev,16,8,8,1
>35,No,Undergraduate,0,Man,0,Dev,24,15,18,1
>35,No,PhD,1,Man,1,Dev,30,5,7,0
<35,No,Other,1,Man,0,Dev,7,8,9,0
<35,No,Undergraduate,1,Man,0,Dev,6,5,11,1
<35,No,Undergraduate,1,Man,0,Dev,15,7,9,0
>35,No,Undergraduate,1,Woman,0,Dev,18,14,13,1
<35,No,Undergraduate,1,Man,1,Dev,8,3,11,1
>35,No,Undergraduate,1,Man,0,Dev,44,39,15,1
<35,No,Undergraduate,1,Man,0,Dev,17,6,17,1
<35,No,Undergraduate,1,Man,0,Dev,0,0,0,0
<35,No,Undergraduate,1,Man,0,Dev,6,0,22,1
<35,No,Master,1,Man,0,Dev,7,5,11,0
<35,No,Undergraduate,0,Man,1,Dev,0,0,13,1
<35,No,Undergraduate,1,Man,0,Dev,17,13,14,1
>35,No,Other,1,Man,1,Dev,28,13,18,1
<35,No,Undergraduate,1,Man,1,NotDev,5,3,5,0
<35,No,Undergraduate,1,Man,0,Dev,10,4,36,1
<35,No,Undergraduate,1,Man,0,Dev,11,2,15,1
<35,No,NoHigherEd,1,Man,1,Dev,12,7,11,0
>35,No,Undergraduate,1,Man,1,Dev,31,19,16,1
<35,No,Undergraduate,1,Man,1,Dev,5,4,12,0
<35,No,Other,1,Man,0,Dev,11,3,6,0
<35,No,Undergraduate,1,Man,0,Dev,4,3,17,1
<35,Yes,Master,0,Man,1,Dev,5,2,7,0
>35,No,Master,1,Man,0,Dev,17,14,7,0
<35,No,Undergraduate,1,Man,1,Dev,9,5,14,1
<35,No,Undergraduate,1,Man,1,Dev,8,4,9,0
>35,No,Undergraduate,0,Man,0,Dev,24,18,26,1
<35,No,Undergraduate,1,Man,0,Dev,10,5,9,0
<35,No,NoHigherEd,1,Man,1,Dev,4,2,23,1
<35,No,Master,1,Man,1,Dev,12,10,24,1
>35,No,Undergraduate,1,Man,0,Dev,4,2,5,0
>35,No,Master,1,Man,0,Dev,30,20,9,0
<35,No,Master,1,Man,0,Dev,9,1,6,0
<35,No,Master,1,Man,0,NotDev,5,2,16,1
<35,No,Undergraduate,1,Man,0,Dev,15,6,17,1
<35,No,Other,1,Man,0,Dev,4,2,15,1
<35,No,NoHigherEd,0,Man,0,Dev,18,10,15,0
<35,No,Undergraduate,1,Man,0,Dev,8,2,13,1
>35,No,Other,1,Man,0,Dev,20,15,20,1
<35,No,Undergraduate,1,Man,0,Dev,6,1,33,1
<35,No,Undergraduate,1,Man,0,Dev,13,3,20,1
<35,No,Undergraduate,1,Man,1,Dev,8,5,18,0
>35,No,Other,0,Woman,0,Dev,6,5,14,0
<35,No,Master,1,Man,1,Dev,14,5,4,0
>35,No,Master,0,Man,0,Dev,20,12,9,0
<35,No,Master,1,Man,0,Dev,8,6,22,1
<35,No,Undergraduate,1,Man,0,Dev,6,5,10,0
<35,No,Master,1,Man,0,Dev,6,2,25,1
<35,Yes,Undergraduate,1,Man,0,Dev,15,8,9,0
<35,No,Undergraduate,1,Man,1,Dev,8,4,14,1
>35,No,Undergraduate,1,Man,0,Dev,28,26,16,1
<35,No,Other,1,Man,0,Dev,10,7,12,0
<35,No,Undergraduate,1,Man,1,Dev,6,4,8,1
<35,Yes,Other,1,Man,0,Dev,5,2,22,1
>35,No,Other,1,Man,0,NotDev,39,22,5,0
<35,No,Undergraduate,0,Man,0,Dev,5,1,14,1
<35,No,Undergraduate,1,Man,0,Dev,3,0,7,0
<35,No,Master,1,Man,0,Dev,14,10,4,0
>35,No,Master,1,Man,0,Dev,16,15,8,0
<35,No,Master,1,Man,0,Dev,7,5,16,1
<35,No,Undergraduate,1,Man,0,Dev,3,2,15,1
>35,No,Master,1,Man,0,Dev,46,40,9,1
<35,No,Undergraduate,1,Man,0,Dev,7,4,7,0
>35,No,Undergraduate,1,Man,1,Dev,10,10,16,0
<35,No,Undergraduate,1,Man,1,Dev,4,4,7,0
<35,No,Undergraduate,1,Man,1,NotDev,13,2,24,1
<35,No,Other,1,Man,1,Dev,9,5,19,1
>35,No,NoHigherEd,1,Man,0,Dev,36,23,14,1
<35,No,Undergraduate,1,Man,0,Dev,2,0,9,1
<35,No,Undergraduate,1,Man,0,Dev,16,8,19,1
>35,No,Master,0,Woman,0,Dev,22,21,8,0
>35,No,PhD,1,Man,0,NotDev,45,34,4,0
<35,No,Undergraduate,1,Man,0,Dev,7,3,8,0
>35,No,Other,1,Man,1,Dev,33,22,6,0
<35,No,Undergraduate,1,Man,1,Dev,10,0,17,1
>35,No,Undergraduate,1,Man,1,Dev,24,17,3,0
<35,No,Undergraduate,1,Man,1,Dev,14,9,7,1
<35,No,Undergraduate,1,Man,0,Dev,5,5,11,1
>35,No,Undergraduate,1,Man,0,NotDev,15,10,17,0
<35,No,Master,1,Man,0,Dev,12,1,13,0
<35,No,Other,0,Man,0,Dev,12,5,35,1
<35,No,Undergraduate,1,Man,0,Dev,16,9,16,1
>35,No,Undergraduate,0,NonBinary,0,Dev,30,30,17,1
<35,No,Master,0,Man,0,Dev,12,10,18,1
<35,No,Undergraduate,1,Man,0,Dev,12,7,15,1
>35,No,Undergraduate,1,Man,1,Dev,30,17,11,0
>35,No,Undergraduate,1,Man,1,Dev,20,8,7,0
<35,No,Master,1,Man,1,Dev,7,0,19,1
>35,No,Undergraduate,1,Man,0,Dev,15,10,5,0
>35,No,Undergraduate,0,Man,0,Dev,25,20,17,0
<35,No,NoHigherEd,1,Woman,1,Dev,13,4,18,1
<35,No,Undergraduate,1,Man,0,Dev,9,4,7,0
<35,No,Master,0,Man,1,Dev,9,3,7,0
>35,No,Other,0,Man,1,Dev,34,24,32,1
<35,No,Other,1,Man,0,Dev,8,5,14,0
>35,Yes,Undergraduate,0,Man,0,Dev,41,24,21,1
<35,No,Undergraduate,1,Man,1,Dev,1,0,16,1
<35,No,Other,1,Man,0,NotDev,9,9,8,0
<35,No,NoHigherEd,1,Man,0,Dev,10,4,12,1
<35,Yes,Undergraduate,1,Man,1,Dev,5,4,10,0
>35,No,Other,1,Man,1,Dev,24,13,16,0
>35,No,Master,1,Man,0,Dev,36,23,7,0
>35,No,Undergraduate,1,Man,0,Dev,33,31,19,1
<35,No,Undergraduate,1,Man,0,Dev,8,2,16,1
<35,No,Undergraduate,1,Man,0,Dev,7,4,10,0
>35,No,PhD,1,Man,0,NotDev,21,12,24,1
>35,No,Undergraduate,1,Man,0,Dev,30,27,13,0
>35,No,Undergraduate,1,Man,0,Dev,6,4,20,1
<35,No,Undergraduate,1,Man,0,Dev,15,10,9,0
>35,No,Undergraduate,1,Man,0,Dev,40,35,13,1
>35,No,Undergraduate,1,Man,0,Dev,30,16,8,0
<35,No,Undergraduate,1,Man,0,Dev,11,7,19,1
>35,No,Other,1,Man,0,Dev,11,11,14,1
<35,No,Other,1,Man,0,Dev,15,11,15,1
>35,No,Other,1,Man,0,Dev,20,10,17,1
<35,No,Undergraduate,1,Man,0,Dev,18,18,16,1
<35,No,Other,1,Man,1,Dev,4,2,17,0
<35,No,Master,1,Man,0,Dev,10,1,15,1
>35,No,Undergraduate,1,Man,1,Dev,20,7,13,0
<35,Yes,Other,1,Man,0,Dev,6,4,5,0
<35,No,Undergraduate,1,Man,1,Dev,8,6,9,1
<35,No,Undergraduate,1,Man,0,Dev,5,1,7,0
<35,No,Undergraduate,1,Man,0,Dev,12,10,8,0
>35,No,Other,1,Man,0,NotDev,33,18,16,1
>35,No,Other,0,Man,0,Dev,25,23,22,0
>35,No,Undergraduate,1,Man,0,Dev,42,38,5,0
<35,No,Other,1,Man,1,Dev,9,1,5,0
>35,No,Master,1,Man,0,Dev,18,16,9,1
>35,No,Undergraduate,1,Man,0,Dev,23,20,18,1
<35,No,Undergraduate,1,Man,1,Dev,9,5,10,0
<35,No,Undergraduate,1,Man,1,Dev,19,9,14,0
<35,No,Master,0,Man,0,Dev,10,5,17,1
>35,No,Master,1,Man,0,Dev,35,25,7,0
<35,No,Undergraduate,1,Man,0,Dev,12,6,19,1
>35,Yes,Other,0,Man,0,Dev,45,31,14,1
<35,No,Master,1,Man,0,Dev,12,7,2,0
<35,No,Other,1,Man,1,Dev,10,9,13,1
>35,No,Undergraduate,1,Man,0,Dev,26,12,12,1
<35,No,Master,1,NonBinary,1,Dev,25,15,19,1
<35,No,Other,1,Man,0,Dev,20,11,16,1
>35,No,Undergraduate,1,Man,1,Dev,16,11,16,0
<35,No,Undergraduate,1,Man,0,NotDev,9,6,14,0
>35,No,Undergraduate,0,Man,1,Dev,22,15,29,1
>35,No,Master,1,Man,0,Dev,40,30,15,0
<35,No,Undergraduate,1,Man,0,Dev,8,4,18,1
>35,No,Undergraduate,0,Man,0,Dev,25,16,25,1
>35,No,Other,1,Man,0,Dev,20,7,12,1
<35,No,Undergraduate,1,Man,0,Dev,13,5,17,1
<35,No,Master,0,Man,0,Dev,4,4,2,0
<35,No,Undergraduate,1,Man,0,NotDev,6,4,4,0
<35,No,Undergraduate,1,Man,0,Dev,3,5,7,0
>35,No,Undergraduate,1,Man,1,Dev,24,7,16,1
>35,No,Master,1,Man,0,Dev,45,43,29,1
<35,No,Master,1,Man,0,Dev,19,9,10,1
>35,No,Undergraduate,0,Woman,1,NotDev,20,0,10,1
<35,Yes,Undergraduate,1,Woman,1,Dev,10,8,12,0
<35,No,Undergraduate,1,Man,0,Dev,7,5,11,0
<35,No,Undergraduate,1,Man,0,Dev,12,9,7,0
<35,No,Undergraduate,1,Woman,0,Dev,3,0,21,1
<35,No,Undergraduate,1,Man,0,Dev,6,4,16,1
<35,No,Master,1,Man,0,Dev,6,5,9,1
<35,No,Undergraduate,1,Man,0,Dev,12,9,21,1
<35,No,Master,1,Man,0,Dev,15,10,16,1
<35,No,Undergraduate,1,Man,1,Dev,14,11,9,0
>35,No,Undergraduate,1,Man,0,Dev,25,16,5,0
<35,No,Other,1,Man,0,Dev,16,8,22,0
>35,No,PhD,1,Woman,0,NotDev,5,0,19,1
>35,No,Master,1,Man,0,Dev,15,9,20,0
<35,No,Undergraduate,0,Man,0,Dev,9,6,15,0
<35,No,Undergraduate,1,Man,1,NotDev,8,1,7,0
>35,No,Undergraduate,1,Man,0,Dev,15,12,11,1
>35,No,Undergraduate,1,Man,0,Dev,22,12,5,0
>35,No,Master,1,Man,0,Dev,35,32,8,0
<35,No,Other,1,Man,1,Dev,8,5,6,0
<35,No,Other,1,Man,0,NotDev,9,6,21,1
>35,No,Master,1,Man,0,NotDev,11,5,7,0
<35,No,Undergraduate,0,Man,0,Dev,5,2,23,1
>35,No,Undergraduate,0,Man,0,Dev,10,7,17,1
<35,No,Undergraduate,1,Man,0,Dev,10,6,10,0
<35,No,Master,1,Man,0,Dev,5,2,3,0
<35,No,Other,1,Man,0,Dev,6,5,14,1
>35,No,Other,1,Man,0,Dev,31,27,6,0
<35,No,Other,1,Man,0,Dev,3,1,25,1
<35,No,Master,1,Man,0,Dev,5,0,23,1
<35,No,Master,1,Woman,0,Dev,9,8,6,0
>35,No,Master,1,Man,0,Dev,36,30,10,1
>35,No,Undergraduate,1,Man,0,Dev,25,8,10,0
>35,No,Undergraduate,1,Man,0,Dev,25,13,17,1
>35,No,Other,1,Man,0,Dev,35,31,8,1
<35,No,Undergraduate,0,Man,0,Dev,4,4,14,0
<35,No,Other,1,Man,1,Dev,5,1,17,0
>35,No,Undergraduate,1,Man,0,Dev,15,11,11,0
>35,No,Master,1,Man,0,Dev,31,15,18,1
>35,No,Master,1,Man,0,Dev,20,20,10,0
<35,No,Master,1,Woman,0,Dev,3,3,10,0
<35,No,Undergraduate,1,Man,0,Dev,6,3,22,1
>35,No,PhD,1,Man,1,Dev,25,20,17,1
<35,No,Other,1,Man,0,NotDev,6,5,13,0
<35,No,Undergraduate,1,Man,0,Dev,6,4,10,0
<35,No,Undergraduate,1,Man,0,Dev,15,8,11,0
<35,No,Other,1,Man,0,Dev,12,8,5,0
<35,No,Undergraduate,0,Man,0,Dev,9,4,22,0
<35,No,Undergraduate,1,Man,1,Dev,15,9,8,0
>35,No,Master,1,Man,0,Dev,40,30,9,1
<35,No,Master,1,Man,0,Dev,10,3,20,1
<35,No,Undergraduate,1,Man,0,Dev,12,9,22,1
<35,No,Undergraduate,1,Man,0,Dev,6,4,11,1
<35,No,Master,1,Man,0,Dev,8,5,16,0
<35,No,Master,1,Man,0,Dev,10,6,13,0
<35,No,PhD,0,Man,0,Dev,7,5,28,1
>35,No,Master,1,Man,0,Dev,30,21,19,1
>35,No,Other,1,Man,1,Dev,25,15,11,0
<35,No,Other,1,NonBinary,1,Dev,6,0,9,0
<35,No,Other,1,Man,1,Dev,8,5,11,0
>35,No,Undergraduate,1,Man,0,Dev,24,16,16,1
<35,No,Master,1,Man,0,Dev,6,3,17,1
<35,No,NoHigherEd,1,Man,0,Dev,10,7,19,1
<35,No,Master,1,Man,0,Dev,13,4,13,1
>35,No,Master,1,Man,0,NotDev,40,30,20,1
<35,No,Other,0,Man,0,Dev,17,11,35,1
>35,No,Undergraduate,1,Man,0,Dev,15,11,15,0
<35,No,Undergraduate,0,Man,0,Dev,7,4,12,1
<35,No,Undergraduate,1,Man,0,Dev,5,2,7,0
<35,No,Undergraduate,1,Man,0,Dev,11,8,21,1
<35,No,Undergraduate,0,Man,1,Dev,9,8,16,1
>35,No,Master,1,Man,0,Dev,14,10,4,0
<35,No,Undergraduate,1,Man,0,Dev,2,2,3,0
<35,No,Undergraduate,1,Man,0,Dev,14,7,18,1
<35,No,Master,1,Man,0,Dev,12,8,10,0
<35,Yes,Undergraduate,1,Man,0,Dev,10,1,13,1
>35,No,NoHigherEd,1,Man,1,Dev,12,11,15,0
<35,No,Undergraduate,1,Woman,1,Dev,20,5,14,1
>35,No,Undergraduate,1,Man,0,Dev,18,14,17,1
<35,No,Master,1,Man,0,Dev,17,13,27,1
<35,No,Undergraduate,1,Man,0,Dev,8,6,13,1
>35,No,Master,1,Man,1,Dev,23,16,25,1
>35,No,Master,0,Man,1,Dev,25,21,21,1
<35,No,Master,1,Man,0,Dev,12,9,10,0
<35,No,PhD,1,Man,0,Dev,17,11,11,0
<35,No,Undergraduate,1,Man,1,Dev,12,7,24,1
<35,No,Undergraduate,1,Man,0,Dev,10,5,11,0
<35,No,Undergraduate,1,Man,0,NotDev,8,8,17,1
<35,No,Master,0,Man,0,Dev,14,7,8,0
>35,No,Undergraduate,1,Man,0,Dev,26,26,10,1
<35,No,Undergraduate,1,Man,0,Dev,17,5,7,0
<35,No,Undergraduate,1,Man,0,Dev,5,5,12,1
<35,No,Other,1,Man,0,Dev,3,0,18,1
<35,No,Undergraduate,1,Man,0,Dev,12,5,7,0
<35,No,Master,1,Woman,0,Dev,5,5,22,1
>35,No,Undergraduate,1,Man,0,Dev,20,15,14,1
>35,No,Master,1,Woman,0,Dev,28,21,5,0
<35,No,Other,1,Man,0,Dev,5,1,9,0
<35,No,Other,1,Man,0,Dev,8,4,12,0
>35,No,PhD,1,Man,0,NotDev,25,22,10,0
<35,Yes,Other,1,Man,0,Dev,7,2,21,1
>35,No,Undergraduate,1,Man,1,Dev,20,17,18,1
>35,No,Undergraduate,1,Man,0,Dev,25,18,3,0
<35,No,PhD,1,Man,0,NotDev,12,2,7,0
>35,No,NoHigherEd,1,Man,1,Dev,22,18,19,0
<35,No,Undergraduate,1,Man,0,NotDev,20,13,18,0
>35,No,Undergraduate,1,Man,0,Dev,19,4,24,1
<35,No,Undergraduate,1,Man,0,Dev,7,5,11,0
<35,No,Undergraduate,0,Man,0,Dev,10,5,27,1
>35,No,Undergraduate,1,Man,0,Dev,15,30,19,1
<35,No,Undergraduate,1,Man,0,Dev,6,4,21,1
>35,No,Other,1,Man,1,Dev,29,16,22,1
>35,No,Master,1,Man,0,Dev,20,10,8,1
>35,No,Undergraduate,1,Man,0,Dev,39,26,7,0
<35,No,Undergraduate,1,Man,0,Dev,6,3,16,1
<35,No,Master,1,Man,0,Dev,14,8,14,1
>35,No,Undergraduate,1,Man,1,Dev,17,11,14,0
>35,No,Other,1,Man,1,Dev,26,12,9,0
>35,No,Master,1,Man,1,NotDev,43,37,15,1
>35,No,NoHigherEd,1,Man,0,Dev,4,3,8,1
<35,No,Master,1,Man,0,Dev,9,8,18,1
>35,No,Undergraduate,1,Man,0,Dev,8,5,12,0
<35,No,Master,1,Man,0,Dev,10,2,16,1
<35,No,NoHigherEd,1,Man,1,Dev,13,0,14,1
>35,Yes,Other,0,Man,0,Dev,31,29,7,0
<35,No,Undergraduate,0,Man,0,Dev,10,8,16,1
<35,No,Undergraduate,1,Man,0,Dev,8,5,27,1
<35,No,Undergraduate,1,Man,0,Dev,18,8,21,1
<35,No,Master,1,Man,0,Dev,7,3,10,0
<35,No,NoHigherEd,1,Man,1,Dev,5,3,14,0
<35,No,PhD,1,Man,0,NotDev,10,4,8,0
<35,Yes,Master,1,Man,0,NotDev,7,7,11,0
<35,No,Undergraduate,1,Man,0,Dev,10,3,36,1
<35,No,Undergraduate,1,Man,0,Dev,7,5,6,0
>35,No,Undergraduate,0,Man,1,Dev,20,7,14,1
<35,No,Undergraduate,1,Man,0,Dev,7,4,23,1
<35,No,Undergraduate,1,Man,0,Dev,8,2,4,0
<35,No,Undergraduate,1,Man,0,Dev,17,10,14,1
<35,No,Undergraduate,1,Woman,1,Dev,9,7,15,1
>35,No,Undergraduate,1,Man,0,NotDev,34,30,19,0
<35,No,Undergraduate,1,Man,1,Dev,14,1,23,1
<35,No,Undergraduate,1,Man,0,Dev,6,2,26,1
<35,No,Master,1,Man,0,Dev,15,12,11,1
>35,No,Undergraduate,1,Man,0,Dev,27,17,21,1
<35,No,Undergraduate,1,Man,1,Dev,7,7,14,0
<35,No,Undergraduate,1,Man,0,Dev,20,11,12,1
<35,No,Master,1,Woman,0,Dev,9,1,3,0
<35,No,Other,1,Man,1,Dev,15,0,14,0
>35,No,Other,1,Man,0,Dev,40,36,12,1
>35,No,Master,1,Man,0,Dev,2,1,12,1
<35,No,Master,1,Man,0,Dev,12,5,6,0
<35,No,Other,1,NonBinary,0,Dev,25,21,22,1
>35,No,Undergraduate,1,NonBinary,0,Dev,20,16,17,1
<35,No,Undergraduate,1,Man,0,Dev,18,10,16,1
<35,No,NoHigherEd,1,Man,0,Dev,7,2,24,1
<35,No,Undergraduate,1,Man,0,Dev,5,5,5,0
<35,No,Undergraduate,1,Man,1,Dev,13,9,16,1
<35,No,Other,0,Man,0,Dev,3,1,9,0
<35,No,Undergraduate,0,Man,0,Dev,9,1,16,0
<35,No,Other,1,Man,0,Dev,8,3,14,0
<35,No,Master,1,Man,1,Dev,10,8,13,0
>35,No,Master,1,Man,0,Dev,23,17,42,1
>35,No,Undergraduate,0,Man,0,NotDev,39,35,7,0
>35,No,PhD,1,Man,0,NotDev,24,12,7,0
>35,No,Undergraduate,1,Man,0,NotDev,10,5,11,0
<35,No,Other,0,Woman,0,Dev,5,3,11,1
<35,No,Undergraduate,1,Man,0,Dev,13,5,9,0
<35,No,Undergraduate,1,Woman,0,Dev,13,9,6,0
<35,No,Undergraduate,0,Man,0,Dev,16,10,14,1
<35,No,Other,0,Man,1,Dev,12,8,16,0
>35,Yes,Master,1,Man,1,Dev,20,15,11,0
>35,No,Master,1,Man,0,Dev,16,10,7,0
>35,No,NoHigherEd,1,Man,1,Dev,10,10,7,1
<35,No,Undergraduate,1,Man,0,Dev,5,0,17,1
<35,No,Undergraduate,1,Man,0,Dev,7,4,24,1
>35,No,Undergraduate,1,Man,0,Dev,40,30,12,1
<35,No,Undergraduate,1,Man,0,Dev,7,3,6,0
>35,No,PhD,1,Man,0,Dev,22,12,6,0
<35,No,Undergraduate,1,Man,0,Dev,10,5,13,1
<35,No,Undergraduate,1,Man,1,Dev,21,15,14,1
<35,No,Master,1,Man,0,Dev,8,3,12,0
>35,No,PhD,1,Man,0,NotDev,35,26,8,0
<35,No,Master,1,Man,0,Dev,16,10,13,1
<35,No,Master,1,NonBinary,0,Dev,10,4,23,1
<35,No,Undergraduate,0,Man,0,Dev,20,13,10,0
<35,No,Master,1,Man,1,Dev,6,6,6,1
<35,Yes,Undergraduate,1,Man,0,Dev,8,5,18,1
>35,No,Undergraduate,1,Man,0,Dev,25,20,11,1
<35,No,Undergraduate,1,Man,0,Dev,15,12,21,1
>35,No,Master,1,Man,0,Dev,22,16,7,0
<35,No,Master,0,Man,0,Dev,20,14,27,1
>35,No,Undergraduate,1,Man,0,Dev,35,30,12,1
<35,No,Other,1,Man,1,Dev,14,10,23,1
<35,No,Undergraduate,1,Man,0,Dev,7,3,19,0
>35,No,Undergraduate,1,Man,0,Dev,30,17,10,1
<35,No,Other,1,Man,0,NotDev,13,10,25,1
>35,Yes,Undergraduate,1,Man,0,NotDev,31,31,24,1
<35,No,Undergraduate,1,Man,0,Dev,10,1,32,1
<35,No,Other,1,Woman,0,Dev,5,4,5,0
<35,No,Undergraduate,1,Man,0,Dev,7,5,8,0
<35,No,Undergraduate,1,Man,0,Dev,4,0,10,1
>35,No,Undergraduate,1,Man,0,Dev,16,14,21,1
<35,No,Master,0,Man,0,Dev,14,10,13,0
<35,No,Undergraduate,1,Man,0,Dev,7,5,22,1
>35,No,Other,0,NonBinary,1,Dev,15,7,25,1
>35,No,Undergraduate,1,Man,1,Dev,35,27,4,0
>35,No,Undergraduate,0,Man,0,Dev,23,23,12,1
<35,Yes,Undergraduate,1,Man,1,Dev,4,1,20,1
<35,No,Master,1,Man,0,Dev,7,3,6,1
>35,No,Other,1,Man,0,Dev,5,10,22,1
>35,No,Undergraduate,1,Man,0,Dev,20,15,8,0
>35,No,Undergraduate,1,Man,1,Dev,16,12,9,1
<35,No,Undergraduate,1,Man,0,Dev,5,3,13,0
>35,No,Master,0,Man,0,NotDev,31,24,16,1
>35,No,Master,0,Man,0,Dev,12,9,10,0
>35,No,Undergraduate,1,Man,0,Dev,16,13,13,1
<35,No,Other,1,Man,0,Dev,4,0,2,0
>35,No,Undergraduate,1,Man,0,Dev,25,13,20,1
<35,No,Undergraduate,1,Man,1,Dev,15,13,17,1
<35,No,Undergraduate,0,Man,0,Dev,13,7,12,1
<35,No,NoHigherEd,0,Man,0,Dev,15,11,11,0
<35,No,Other,1,Man,1,Dev,7,7,17,1
<35,No,Undergraduate,1,Man,1,Dev,20,15,15,1
<35,No,Other,1,Man,0,Dev,4,1,23,1
<35,No,Master,1,Man,0,Dev,12,10,14,1
<35,Yes,NoHigherEd,0,Man,0,Dev,8,0,6,0
>35,No,Master,1,Man,0,Dev,12,10,31,1
>35,No,Undergraduate,0,Man,0,Dev,20,12,12,0
<35,No,Undergraduate,1,Man,0,Dev,18,14,6,0
<35,No,Undergraduate,1,Man,0,Dev,10,7,11,0
<35,No,Undergraduate,1,Man,0,Dev,8,4,4,0
<35,No,Undergraduate,1,Man,0,Dev,20,14,15,0
<35,No,Master,0,Man,0,Dev,9,8,25,1
<35,No,Other,0,Man,1,Dev,4,3,7,0
>35,No,NoHigherEd,1,Man,0,Dev,24,7,7,1
<35,No,Undergraduate,1,Man,0,Dev,17,7,19,1
<35,No,Master,1,Man,0,Dev,7,5,29,1
>35,No,Other,1,Man,0,Dev,25,25,8,1
>35,No,Undergraduate,1,Woman,0,Dev,35,35,11,1
>35,No,NoHigherEd,0,Man,0,Dev,17,17,3,0
>35,No,Other,1,Man,0,Dev,37,29,33,1
<35,No,Undergraduate,1,Man,1,Dev,9,7,30,1
<35,No,Undergraduate,1,Man,0,Dev,10,5,14,0
>35,No,Other,1,Man,1,Dev,30,30,22,1
>35,No,Master,1,Man,0,Dev,30,25,14,1
<35,No,Master,1,Man,1,Dev,11,8,8,0
<35,No,Undergraduate,1,Man,0,Dev,10,6,17,1
>35,No,Master,1,Man,0,Dev,22,12,25,1
<35,No,Undergraduate,1,Man,0,Dev,7,2,14,1
<35,No,Other,1,Man,0,Dev,9,2,14,1
<35,No,Undergraduate,1,Man,0,Dev,4,0,25,1
<35,No,Master,1,Woman,0,Dev,7,2,26,1
<35,No,NoHigherEd,1,Man,1,Dev,23,8,9,1
<35,No,Undergraduate,1,Man,1,Dev,6,2,16,0
>35,No,Other,1,Man,0,Dev,41,36,5,0
<35,No,NoHigherEd,1,Man,1,Dev,6,1,15,1
>35,No,Undergraduate,1,Man,0,Dev,8,6,14,1
<35,No,Other,1,Man,0,Dev,11,9,14,0
>35,No,Master,1,Man,0,NotDev,39,23,20,0
<35,No,Master,1,Man,0,NotDev,20,8,4,0
<35,No,Undergraduate,1,Man,0,Dev,16,8,17,1
<35,No,Undergraduate,1,Man,0,Dev,4,0,7,1
<35,No,Undergraduate,1,Man,0,Dev,12,12,11,1
<35,No,Undergraduate,1,Man,0,Dev,6,2,20,1
<35,No,Master,1,Man,0,Dev,15,11,15,0
>35,No,Undergraduate,1,Man,0,Dev,22,4,10,0
<35,No,Other,1,Man,0,Dev,12,10,6,0
<35,No,Undergraduate,1,Man,0,NotDev,10,6,30,1
>35,No,Undergraduate,1,Man,0,Dev,36,30,16,1
<35,No,Master,0,Man,0,Dev,5,4,14,1
<35,No,Undergraduate,1,Man,0,Dev,8,5,21,1
>35,No,Undergraduate,1,Man,0,Dev,30,16,43,1
<35,No,Undergraduate,1,Man,0,NotDev,10,6,7,0
>35,No,Undergraduate,0,NonBinary,0,Dev,10,5,17,1
>35,No,NoHigherEd,1,Man,0,Dev,26,20,8,0
<35,No,Undergraduate,1,NonBinary,0,Dev,8,3,25,1
>35,No,Master,1,Man,1,Dev,12,9,11,1
>35,No,Other,1,Man,1,Dev,17,12,7,0
<35,No,Undergraduate,1,Man,0,Dev,7,3,7,0
<35,No,Undergraduate,1,Man,0,Dev,11,4,11,1
<35,No,Master,1,Man,0,Dev,3,2,8,0
<35,No,Undergraduate,1,Man,0,NotDev,8,2,4,0
<35,No,Master,1,Man,1,Dev,5,2,16,0
<35,No,Undergraduate,1,Man,0,Dev,9,6,7,0
>35,No,Other,1,Man,1,Dev,25,19,22,1
<35,No,Other,1,Man,0,NotDev,7,3,7,0
>35,No,Master,1,Man,0,Dev,2,0,16,0
>35,No,NoHigherEd,1,Man,1,Dev,28,26,12,1
<35,No,Master,1,Man,0,Dev,7,2,7,0
<35,No,Undergraduate,1,Man,0,Dev,14,12,4,0
<35,No,Undergraduate,1,Man,0,Dev,2,0,23,1
>35,No,Undergraduate,1,Man,0,Dev,44,37,3,0
<35,No,Undergraduate,1,Man,0,Dev,15,9,27,1
>35,No,Undergraduate,1,Man,0,Dev,20,15,10,0
>35,No,Master,1,Man,0,Dev,46,40,11,0
<35,No,Undergraduate,1,Man,0,Dev,9,5,8,0
>35,Yes,Undergraduate,1,Man,1,Dev,34,28,16,1
<35,No,Undergraduate,1,Man,0,Dev,5,3,13,0
<35,No,Undergraduate,1,Man,0,Dev,11,8,8,0
<35,No,Undergraduate,1,Woman,0,Dev,5,2,14,0
<35,No,Undergraduate,1,Man,0,Dev,4,3,32,1
<35,No,Undergraduate,1,Man,0,NotDev,13,2,14,1
<35,No,Undergraduate,1,Man,1,Dev,11,5,12,1
>35,No,Undergraduate,1,Man,1,Dev,25,3,18,1
>35,No,Master,1,Man,0,NotDev,30,25,6,0
<35,No,Undergraduate,1,Man,0,Dev,3,1,8,0
<35,No,Undergraduate,1,Man,0,Dev,20,8,11,0
<35,No,Undergraduate,1,Man,0,Dev,12,12,24,1
<35,No,Undergraduate,0,Man,0,Dev,5,0,28,1
<35,No,Undergraduate,1,Man,0,Dev,8,2,12,1
>35,No,Master,1,Man,0,Dev,24,16,10,0
<35,No,NoHigherEd,1,Man,0,NotDev,16,12,16,1
>35,No,Undergraduate,1,Man,0,Dev,21,18,10,1
>35,No,Undergraduate,1,Man,0,Dev,22,20,15,1
<35,No,Undergraduate,1,Man,0,Dev,9,2,11,1
<35,No,NoHigherEd,1,Woman,1,Dev,4,4,8,0
>35,No,Undergraduate,1,Man,0,Dev,26,24,15,1
<35,No,Undergraduate,1,Man,1,Dev,7,4,11,0
>35,No,Master,1,Man,0,Dev,18,13,15,0
>35,No,Undergraduate,1,Man,0,Dev,30,20,5,0
<35,No,NoHigherEd,0,Man,0,Dev,12,7,22,1
>35,No,Other,1,Man,0,Dev,18,17,15,1
<35,No,PhD,1,Man,0,Dev,19,10,10,1
<35,No,Master,1,Man,0,Dev,15,9,7,0
>35,No,PhD,1,Man,0,Dev,22,13,4,0
<35,No,NoHigherEd,0,Man,0,NotDev,2,4,12,1
>35,No,Undergraduate,1,Man,0,Dev,20,12,19,1
<35,No,Other,1,Man,0,Dev,9,7,7,0
<35,No,Master,1,Woman,0,NotDev,11,9,5,0
>35,No,Undergraduate,1,Man,0,Dev,15,7,18,1
<35,No,Master,1,Man,0,Dev,10,1,17,1
<35,No,NoHigherEd,1,Man,0,Dev,3,3,32,1
<35,Yes,Undergraduate,1,NonBinary,0,Dev,13,8,24,1
<35,No,Undergraduate,1,Man,1,Dev,4,3,14,0
<35,No,Master,1,Man,0,Dev,10,5,18,1
<35,Yes,Master,1,Man,0,Dev,7,3,18,0
<35,No,Master,1,Man,0,Dev,12,8,17,1
<35,No,Undergraduate,1,Man,0,Dev,14,10,9,0
<35,No,Other,1,Man,1,Dev,20,10,35,1
<35,No,Master,1,Man,0,NotDev,6,5,1,0
<35,No,Other,1,NonBinary,0,Dev,6,4,11,1
>35,No,Undergraduate,1,Man,1,Dev,9,5,13,1
>35,No,Master,1,Man,0,Dev,19,14,5,0
>35,No,Master,1,Man,0,Dev,18,16,10,0
<35,No,Undergraduate,1,Man,1,Dev,14,8,17,0
<35,No,Other,0,Man,1,NotDev,22,9,14,1
<35,No,PhD,1,Man,1,Dev,6,5,21,1
<35,No,Other,0,Man,0,Dev,19,14,13,1
<35,No,Undergraduate,1,Man,0,Dev,11,8,17,0
>35,No,Other,1,Man,1,Dev,19,14,11,1
>35,No,Other,1,Man,1,Dev,30,20,21,1
<35,No,Undergraduate,1,NonBinary,0,Dev,5,2,22,1
<35,No,NoHigherEd,1,Man,1,Dev,20,16,19,0
>35,No,Undergraduate,1,Man,0,Dev,30,12,3,0
>35,No,Undergraduate,1,Man,1,Dev,26,26,15,1
>35,No,Undergraduate,0,Man,1,Dev,22,20,16,0
>35,No,Other,1,Man,1,Dev,20,20,14,0
<35,No,Undergraduate,1,Man,1,Dev,5,4,21,1
>35,No,Master,1,Man,0,Dev,25,20,19,1
>35,No,Other,1,Man,0,NotDev,30,5,3,0
<35,No,Master,1,Man,0,Dev,22,11,19,1
<35,No,Undergraduate,1,Man,1,Dev,4,3,14,0
<35,No,Undergraduate,1,Man,1,Dev,15,5,18,1
<35,No,Undergraduate,0,Man,0,Dev,18,15,13,0
<35,No,Other,1,Man,0,Dev,6,3,6,0
>35,No,Undergraduate,1,Man,0,Dev,37,30,17,1
<35,No,Undergraduate,1,Man,0,Dev,18,13,23,1
<35,No,Other,1,Man,0,Dev,10,8,16,1
<35,No,Undergraduate,1,Man,0,Dev,6,5,9,1
<35,No,Undergraduate,1,Woman,1,NotDev,3,3,11,1
<35,No,Undergraduate,1,Man,1,Dev,7,4,5,0
>35,No,PhD,1,Man,0,NotDev,15,6,2,0
>35,Yes,Master,1,Man,1,Dev,22,19,13,1
>35,No,Other,1,Man,0,NotDev,40,20,12,0
>35,No,Undergraduate,1,Man,0,Dev,28,20,8,0
>35,No,Undergraduate,1,Man,1,Dev,24,20,26,1
<35,No,Undergraduate,1,Man,1,Dev,14,3,10,1
<35,No,Undergraduate,1,Man,0,Dev,5,3,11,0
>35,No,Undergraduate,1,Man,1,Dev,28,22,18,1
>35,No,Master,1,Man,0,Dev,20,12,10,1
>35,No,Master,1,Man,1,Dev,25,15,7,0
<35,No,Undergraduate,0,Man,0,Dev,4,2,26,1
<35,No,Undergraduate,1,Man,0,Dev,7,7,16,1
>35,No,Undergraduate,0,Man,0,Dev,6,2,11,0
<35,No,Undergraduate,1,Man,1,Dev,13,3,10,0
<35,No,Undergraduate,1,Man,1,Dev,7,1,12,1
<35,No,Undergraduate,1,Man,1,Dev,6,2,4,0
<35,No,Undergraduate,1,Man,0,Dev,11,7,13,1
>35,No,Master,0,Man,0,Dev,30,18,19,1
>35,No,Master,1,Man,0,NotDev,17,12,15,1
<35,No,Other,1,Man,0,Dev,10,8,14,0
>35,No,Other,1,Man,0,Dev,42,31,9,0
<35,No,Undergraduate,1,Man,0,Dev,15,12,6,0
<35,No,Master,1,Man,0,Dev,10,4,25,1
>35,No,Undergraduate,1,Man,1,Dev,23,16,12,1
>35,No,Master,1,Man,0,Dev,20,16,12,0
<35,No,Undergraduate,1,Man,0,Dev,7,5,13,0
>35,No,Undergraduate,1,Man,0,Dev,22,17,16,1
>35,No,Undergraduate,0,Man,1,Dev,7,2,13,1
<35,No,Undergraduate,1,Man,0,Dev,12,8,20,1
>35,No,Master,0,Man,0,Dev,30,25,12,0
<35,No,Undergraduate,1,Man,0,Dev,9,5,21,1
<35,No,Master,1,Man,0,Dev,15,7,10,0
>35,No,NoHigherEd,1,Man,0,Dev,22,21,7,0
<35,No,Master,1,Man,0,Dev,11,6,6,0
>35,No,Undergraduate,1,Man,0,Dev,37,28,2,0
<35,No,Other,1,Man,0,Dev,6,2,5,0
<35,No,Other,1,Man,0,Dev,8,0,6,1
<35,No,Master,0,Man,0,Dev,10,10,8,0
<35,No,NoHigherEd,1,Man,0,Dev,5,4,20,1
<35,No,Master,1,Man,0,Dev,15,10,18,1
<35,No,Undergraduate,1,Man,0,Dev,5,3,15,0
<35,No,Undergraduate,1,Man,0,Dev,10,6,16,1
<35,No,Undergraduate,1,Man,0,Dev,5,0,13,0
>35,No,Undergraduate,1,Man,0,Dev,15,11,12,1
<35,No,Master,1,Man,0,Dev,20,8,10,0
>35,No,Undergraduate,1,Man,0,Dev,14,8,33,1
<35,No,Undergraduate,1,Woman,0,Dev,10,6,12,1
<35,No,Master,1,Man,0,Dev,14,9,21,0
<35,No,Undergraduate,1,Man,0,Dev,7,1,18,1
>35,No,NoHigherEd,1,Man,0,Dev,27,23,9,0
<35,No,Other,1,Man,0,Dev,6,5,19,1
>35,No,Master,1,Man,0,Dev,3,3,11,1
>35,No,NoHigherEd,1,Man,0,Dev,28,25,13,1
<35,No,Master,1,Man,0,Dev,14,5,11,0
<35,No,Undergraduate,1,Man,0,Dev,8,4,14,1
<35,No,Undergraduate,1,NonBinary,1,NotDev,12,5,16,0
>35,No,Master,1,Man,0,Dev,25,15,14,1
<35,No,Undergraduate,1,Man,0,Dev,6,2,14,1
>35,No,PhD,1,Man,0,Dev,20,18,21,1
<35,No,NoHigherEd,1,Man,0,Dev,2,0,18,0
<35,No,Undergraduate,1,Man,0,Dev,8,4,9,0
>35,No,Master,1,Man,0,NotDev,10,5,13,1
>35,No,Master,0,Man,0,Dev,27,25,16,0
<35,No,Undergraduate,1,Man,0,Dev,8,4,15,1
>35,No,Undergraduate,1,Man,0,NotDev,20,15,8,0
>35,No,Undergraduate,0,Man,0,Dev,18,18,11,1
>35,No,Master,1,Man,0,Dev,36,19,16,1
>35,No,Master,1,Man,1,Dev,30,28,13,1
<35,No,Undergraduate,1,Man,0,Dev,17,8,13,1
>35,Yes,NoHigherEd,1,Man,1,Dev,28,17,24,1
<35,No,Master,1,Man,0,Dev,12,6,12,0
<35,No,Undergraduate,1,Man,1,Dev,10,6,7,1
>35,No,Other,1,Man,0,Dev,35,22,17,1
>35,No,Other,1,Man,1,Dev,34,15,14,0
<35,No,Undergraduate,1,Man,0,Dev,13,9,12,1
<35,No,Undergraduate,1,Man,0,Dev,5,0,10,1
>35,No,PhD,1,Man,0,NotDev,20,15,14,0
<35,No,Undergraduate,1,Man,0,Dev,10,2,8,1
>35,No,Master,1,Man,0,Dev,15,9,14,0
<35,No,Undergraduate,1,Man,0,Dev,10,2,5,0
<35,No,Undergraduate,1,Man,0,Dev,12,8,17,1
<35,No,Master,1,Man,0,Dev,18,8,10,1
<35,No,NoHigherEd,1,Man,1,Dev,15,11,18,0
<35,Yes,NoHigherEd,1,Man,1,Dev,11,4,15,1
<35,No,Undergraduate,1,Man,0,Dev,5,5,9,0
<35,No,Undergraduate,1,Man,0,NotDev,5,4,24,1
<35,No,NoHigherEd,1,Man,0,Dev,10,4,11,0
>35,No,Undergraduate,1,Man,0,Dev,21,13,22,1
<35,No,Other,1,Man,0,Dev,1,1,4,0
<35,No,Master,0,Man,0,Dev,3,1,11,1
<35,Yes,Undergraduate,1,NonBinary,1,Dev,6,2,14,1
<35,Yes,Other,1,Man,1,Dev,7,0,8,0
<35,No,Master,1,Man,0,Dev,22,5,7,0
>35,No,Undergraduate,0,Man,0,Dev,30,22,12,0
<35,No,Undergraduate,1,Man,0,Dev,15,9,13,0
<35,No,Master,1,Woman,1,Dev,7,5,9,0
>35,No,Other,1,Man,0,Dev,41,33,15,1
<35,No,Other,0,Man,0,Dev,15,10,8,0
<35,No,Master,1,Man,0,Dev,7,3,3,0
<35,No,Other,1,Man,0,Dev,6,8,22,1
>35,No,Undergraduate,1,Man,0,NotDev,25,21,7,0
>35,No,Master,0,Man,0,NotDev,50,50,2,0
>35,No,Master,1,Man,0,Dev,22,16,10,0
>35,No,Undergraduate,1,Man,0,Dev,32,25,11,1
<35,No,Master,1,Man,0,Dev,12,8,13,0
<35,No,Undergraduate,1,Man,0,Dev,4,2,11,1
>35,No,Undergraduate,0,Man,0,Dev,25,25,16,1
<35,No,Undergraduate,1,Man,0,Dev,15,6,17,1
>35,No,PhD,1,Man,0,Dev,20,3,17,1
>35,No,Undergraduate,1,Man,1,Dev,29,19,16,1
>35,No,Master,1,Man,0,Dev,31,25,13,1
<35,No,Master,1,Man,0,Dev,10,8,14,1
<35,No,Other,1,Man,0,Dev,2,0,9,0
>35,No,Undergraduate,1,Man,0,Dev,26,23,10,1
>35,No,Undergraduate,1,Man,0,Dev,43,38,4,0
>35,No,Other,1,Man,0,Dev,7,5,16,1
<35,No,Undergraduate,1,Man,0,Dev,16,9,13,1
<35,No,Undergraduate,1,Man,0,Dev,3,2,8,0
>35,No,Undergraduate,0,Man,0,Dev,25,20,20,1
<35,No,Undergraduate,1,Man,1,Dev,7,2,12,0
<35,No,Undergraduate,1,Man,1,Dev,8,5,19,1
<35,No,Other,1,Man,0,Dev,5,2,3,0
<35,No,Undergraduate,1,Man,0,Dev,5,1,10,0
<35,No,Undergraduate,1,Man,0,Dev,15,4,30,1
<35,No,Undergraduate,1,Man,0,Dev,5,3,16,1
<35,No,Undergraduate,1,Man,0,Dev,3,3,9,0
<35,No,Master,1,Man,0,Dev,12,4,12,1
>35,No,Undergraduate,1,Man,0,Dev,20,16,8,0
<35,No,Undergraduate,1,Man,0,NotDev,5,2,7,0
>35,No,Undergraduate,1,Man,0,Dev,20,17,21,1
<35,No,Other,1,Man,0,Dev,10,3,16,1
<35,No,NoHigherEd,0,Woman,1,Dev,14,6,17,1
<35,No,Other,1,Man,1,Dev,10,1,8,0
<35,No,Other,1,Man,1,Dev,17,11,4,0
<35,No,Master,1,Man,0,Dev,12,3,3,0
>35,No,Master,1,Man,0,Dev,27,22,12,1
>35,No,Undergraduate,1,Man,1,Dev,30,25,10,0
>35,No,PhD,1,Man,0,NotDev,20,12,1,0
<35,No,Master,1,Man,0,Dev,3,3,5,0
<35,No,NoHigherEd,1,Man,0,Dev,5,1,14,1
<35,Yes,Undergraduate,1,Man,0,Dev,12,9,21,1
<35,No,Other,1,Man,0,Dev,7,6,10,0
<35,No,Undergraduate,1,Man,1,Dev,5,2,19,1
<35,No,Other,1,Man,0,Dev,15,12,12,1
>35,No,Master,1,Man,1,Dev,30,22,15,1
>35,No,NoHigherEd,1,Man,0,Dev,21,21,11,1
<35,No,Master,1,Man,0,Dev,5,2,6,0
<35,No,Undergraduate,1,Man,1,Dev,14,4,11,0
>35,No,Master,1,Man,0,Dev,16,10,9,0
<35,No,Other,1,Man,1,Dev,10,4,16,1
<35,No,Master,0,Man,0,Dev,9,6,10,0
<35,No,Master,1,Woman,0,Dev,14,7,5,0
<35,No,Undergraduate,1,Man,0,Dev,6,4,13,0
<35,No,Master,1,Man,0,Dev,8,5,7,1
<35,No,NoHigherEd,0,Man,0,NotDev,5,1,13,1
>35,No,Undergraduate,1,Man,0,Dev,6,6,27,1
>35,No,Other,1,Woman,0,Dev,10,10,10,0
<35,No,Undergraduate,1,Woman,1,Dev,7,3,8,0
>35,No,Undergraduate,0,Man,0,Dev,38,25,5,0
>35,No,Other,1,Man,0,Dev,27,25,10,1
<35,No,Master,1,NonBinary,1,Dev,10,5,5,1
>35,No,Undergraduate,0,Man,0,Dev,38,32,10,0
>35,No,Master,1,Man,0,Dev,25,17,10,0
<35,No,Undergraduate,1,Man,1,Dev,9,3,14,0
>35,No,Undergraduate,1,Man,1,Dev,27,18,10,1
<35,No,PhD,1,Man,0,NotDev,14,10,7,0
<35,No,Undergraduate,1,NonBinary,1,Dev,7,6,8,0
>35,No,Undergraduate,1,Woman,1,Dev,19,16,8,1
<35,No,Undergraduate,1,Man,0,Dev,14,6,20,1
<35,No,Undergraduate,1,Man,0,Dev,4,5,19,1
<35,No,Other,1,Man,0,Dev,12,12,11,1
<35,No,Undergraduate,1,Man,0,Dev,12,6,7,0
>35,No,Other,1,Man,0,NotDev,3,3,2,0
>35,No,Undergraduate,1,Man,0,Dev,36,32,5,0
<35,No,Undergraduate,1,Man,0,Dev,5,1,11,0
<35,No,Master,1,Man,0,Dev,16,13,14,1
<35,No,Undergraduate,1,Man,0,Dev,7,3,16,0
<35,No,Undergraduate,1,Man,0,Dev,12,10,21,1
<35,No,Master,1,Man,0,Dev,10,3,3,0
<35,No,Master,1,Man,0,Dev,13,9,17,1
<35,No,Undergraduate,1,Man,0,Dev,12,7,18,1
<35,No,Undergraduate,1,Man,0,Dev,5,3,13,0
<35,No,Undergraduate,1,Woman,0,Dev,2,0,22,1
<35,No,NoHigherEd,1,Man,0,Dev,8,8,8,1
<35,No,Other,1,Man,1,NotDev,9,6,6,0
<35,No,Undergraduate,1,Man,0,Dev,6,4,11,1
>35,No,Master,1,Man,0,Dev,20,18,9,0
<35,No,Undergraduate,1,Man,0,Dev,14,7,14,1
<35,No,Undergraduate,1,Man,0,NotDev,7,3,6,0
>35,No,Undergraduate,0,Man,0,Dev,28,16,7,0
<35,No,Master,1,Man,0,Dev,15,8,19,1
<35,No,Undergraduate,1,Man,0,Dev,13,7,32,1
<35,No,Other,1,Man,1,Dev,9,3,5,0
<35,No,Undergraduate,0,Man,0,Dev,4,3,10,0
<35,No,Undergraduate,1,Woman,0,Dev,4,4,19,1
<35,No,Undergraduate,1,Man,0,Dev,4,1,10,0
>35,No,Master,1,Man,1,Dev,23,5,23,1
<35,No,Undergraduate,1,Woman,1,Dev,3,2,18,1
>35,No,Master,0,Man,0,Dev,21,15,30,1
<35,No,Master,1,Man,0,Dev,3,2,10,0
<35,No,Undergraduate,1,Man,1,NotDev,5,4,19,1
<35,No,NoHigherEd,1,Man,0,Dev,9,8,30,1
<35,No,Other,1,Man,0,Dev,6,3,26,1
<35,No,Undergraduate,1,Man,0,Dev,10,4,9,1
<35,No,Undergraduate,1,Man,1,Dev,4,1,13,0
<35,No,Undergraduate,0,Man,1,Dev,3,0,28,1
<35,No,Other,1,NonBinary,0,Dev,7,4,24,1
<35,No,Master,1,Man,0,NotDev,4,2,8,0
<35,No,Master,0,Man,0,Dev,4,3,18,1
<35,No,Undergraduate,1,Man,0,Dev,16,8,28,1
<35,No,Undergraduate,1,Man,0,Dev,7,4,6,0
<35,No,Undergraduate,1,Man,0,Dev,8,3,15,0
<35,No,Undergraduate,1,Man,0,Dev,14,8,18,1
>35,No,Other,1,Man,0,Dev,25,20,10,1
>35,No,Other,1,Man,0,Dev,21,8,6,0
>35,No,Master,1,Man,0,Dev,22,16,7,0
<35,No,Other,1,Man,0,Dev,9,6,7,0
<35,Yes,Other,1,Man,1,Dev,3,2,6,1
>35,No,Master,1,Man,0,Dev,20,14,6,0
>35,No,PhD,1,Woman,0,Dev,19,12,9,0
<35,No,Master,1,Man,0,Dev,10,4,5,0
<35,No,Master,1,Man,0,Dev,9,8,12,0
<35,No,Undergraduate,1,Man,0,NotDev,15,10,12,1
<35,No,Master,1,Woman,0,Dev,10,4,9,0
<35,No,Other,1,Man,0,Dev,6,6,35,1
<35,No,Undergraduate,0,Man,0,Dev,7,7,13,0
<35,No,Undergraduate,1,Man,0,Dev,6,0,12,0
>35,No,Undergraduate,1,Man,0,Dev,22,20,13,1
<35,No,Master,1,NonBinary,0,NotDev,18,14,15,0
<35,No,NoHigherEd,1,Man,0,Dev,12,10,17,1
<35,No,Master,0,Man,1,Dev,11,8,17,1
<35,No,Other,1,Man,0,Dev,11,8,8,0
<35,No,Master,1,Man,0,Dev,5,3,9,0
>35,No,Master,1,Man,0,Dev,25,20,23,1
<35,No,Undergraduate,1,Man,0,Dev,4,2,8,0
<35,No,Other,1,Man,0,Dev,9,5,18,1
<35,No,Undergraduate,1,Man,1,Dev,6,0,12,0
>35,No,Undergraduate,1,Man,0,Dev,30,28,5,0
>35,No,Master,1,Woman,0,Dev,20,16,7,1
>35,No,PhD,1,Man,0,Dev,38,31,8,0
>35,No,Undergraduate,1,Man,0,Dev,34,34,18,0
>35,No,Undergraduate,1,Man,0,Dev,20,15,9,1
>35,Yes,Other,1,Man,0,NotDev,12,2,0,0
<35,No,Other,1,Man,0,Dev,4,2,18,1
>35,No,Undergraduate,1,Man,0,Dev,22,18,15,1
<35,No,Undergraduate,1,Man,0,Dev,0,0,6,0
<35,No,Undergraduate,1,Man,0,Dev,7,4,17,1
<35,No,Undergraduate,1,Man,0,Dev,7,5,6,0
>35,No,NoHigherEd,1,Man,0,Dev,20,13,21,1
>35,No,Undergraduate,1,Man,0,Dev,38,32,5,0
>35,No,Undergraduate,0,Man,0,NotDev,38,25,7,0
>35,No,Undergraduate,1,Man,0,NotDev,15,14,6,0
<35,No,Undergraduate,1,Man,0,NotDev,4,2,7,0
<35,No,Undergraduate,1,Man,0,Dev,9,5,5,0
>35,No,Undergraduate,1,Man,0,Dev,20,14,15,1
<35,No,NoHigherEd,1,Man,1,Dev,6,5,15,1
>35,No,Master,1,Man,0,Dev,34,26,4,0
<35,No,Other,1,Man,0,Dev,12,11,18,1
>35,No,Other,1,Man,1,Dev,21,7,11,0
<35,No,Other,1,Man,1,Dev,7,5,3,0
>35,No,Other,1,Man,1,Dev,33,23,6,0
<35,No,Undergraduate,1,Man,0,NotDev,10,10,18,1
>35,No,Undergraduate,1,Man,1,Dev,6,6,7,0
<35,No,Master,1,Man,0,Dev,10,6,28,0
<35,No,NoHigherEd,1,Man,0,Dev,6,2,21,1
>35,No,Other,1,Man,1,Dev,24,18,2,0
<35,No,Undergraduate,1,Man,0,Dev,9,6,8,0
>35,No,Undergraduate,1,Man,0,Dev,21,16,14,1
<35,No,Undergraduate,1,Man,0,Dev,9,4,18,1
<35,No,Master,0,Man,0,Dev,5,5,18,1
<35,No,Undergraduate,1,Man,0,Dev,12,8,12,1
>35,No,Undergraduate,1,Man,0,Dev,35,24,7,0
>35,No,Undergraduate,0,Man,0,Dev,46,36,4,0
<35,No,Other,1,Man,1,Dev,6,4,16,1
<35,No,Undergraduate,1,Man,0,Dev,10,8,25,0
<35,No,Master,1,Man,0,Dev,8,2,11,1
<35,No,Undergraduate,1,Man,0,Dev,14,4,5,0
<35,No,Undergraduate,1,Man,0,Dev,12,1,18,1
>35,No,Undergraduate,1,Man,0,Dev,15,14,7,0
<35,No,Other,1,Man,0,Dev,3,2,18,1
>35,No,Undergraduate,1,Man,0,Dev,20,13,14,1
<35,No,Undergraduate,1,Man,0,Dev,4,2,8,0
>35,No,Other,1,Man,1,Dev,40,38,19,1
<35,No,Undergraduate,0,Man,0,Dev,9,1,16,1
<35,No,Undergraduate,1,Man,0,Dev,13,5,16,1
<35,No,Other,1,Man,0,Dev,5,2,11,1
<35,No,Undergraduate,1,Man,0,Dev,13,11,9,0
>35,No,Master,1,Man,0,Dev,15,10,18,1
<35,No,Undergraduate,1,Woman,0,Dev,5,0,15,0
<35,Yes,NoHigherEd,1,Woman,1,NotDev,3,2,8,0
<35,No,Undergraduate,1,Man,0,Dev,13,6,15,1
<35,No,Other,1,Man,0,Dev,7,4,4,0
>35,No,Undergraduate,0,Man,0,Dev,30,30,11,0
>35,No,Master,0,Man,0,Dev,41,31,10,0
<35,Yes,Undergraduate,1,Man,1,Dev,3,0,12,1
>35,No,Other,1,Man,0,NotDev,25,18,9,1
>35,No,Undergraduate,1,Man,1,Dev,30,20,12,0
<35,No,Other,1,Man,0,Dev,5,4,18,1
>35,No,Other,1,Man,1,Dev,21,15,11,0
<35,No,Undergraduate,1,Man,1,Dev,7,7,21,1
>35,No,Undergraduate,1,Man,0,Dev,24,24,18,1
<35,No,Other,0,Man,0,Dev,15,10,22,1
<35,No,Other,1,Woman,0,Dev,7,2,11,0
>35,No,Master,1,Man,1,Dev,40,22,13,1
<35,No,Undergraduate,1,Man,0,NotDev,4,1,15,0
>35,No,Other,1,Man,1,Dev,33,30,11,1
>35,No,Master,1,Man,0,Dev,6,5,24,1
>35,Yes,Undergraduate,1,NonBinary,0,Dev,32,32,11,0
<35,No,Undergraduate,1,Man,0,Dev,12,8,10,1
>35,No,Undergraduate,1,Man,0,Dev,5,7,17,1
<35,No,Undergraduate,1,Man,0,Dev,6,2,9,1
<35,No,Undergraduate,0,Man,0,Dev,10,5,8,0
<35,No,Undergraduate,1,Man,0,NotDev,4,4,8,0
<35,No,Master,0,Man,0,Dev,13,5,9,0
>35,No,Undergraduate,0,Man,1,Dev,27,23,26,1
<35,No,Undergraduate,1,Man,0,Dev,13,10,16,1
<35,No,Undergraduate,1,Man,0,Dev,17,7,22,1
>35,Yes,Master,1,Man,1,Dev,33,24,16,1
>35,No,NoHigherEd,1,Man,1,Dev,22,21,20,0
<35,No,Undergraduate,1,Man,1,Dev,15,3,14,1
<35,No,Undergraduate,1,Man,0,Dev,10,5,16,0
<35,No,Master,1,Man,0,Dev,13,8,17,1
<35,No,Master,0,Man,0,Dev,15,10,17,1
<35,No,Master,1,Man,0,Dev,9,5,18,1
<35,No,Other,1,Man,0,Dev,17,10,13,1
<35,No,Other,1,Man,0,Dev,11,3,6,0
<35,No,Master,1,Man,1,Dev,5,4,19,1
>35,No,Undergraduate,1,Man,0,Dev,16,14,5,0
<35,No,Undergraduate,1,Man,0,Dev,10,3,13,0
>35,No,Other,1,Man,0,Dev,13,11,9,0
>35,No,Undergraduate,1,Man,1,Dev,10,7,15,1
>35,No,PhD,1,Man,0,Dev,35,18,4,0
<35,No,Master,1,Man,1,Dev,1,0,8,0
<35,No,Master,1,Man,0,Dev,10,4,5,0
>35,No,Other,1,Man,0,Dev,37,25,11,1
>35,No,Undergraduate,1,Man,1,Dev,9,8,7,0
>35,No,Master,1,Man,0,Dev,9,5,5,0
>35,Yes,Master,1,Man,1,Dev,33,28,15,1
<35,No,Undergraduate,1,Man,1,Dev,6,3,2,0
>35,No,Undergraduate,0,Man,1,Dev,22,16,16,1
<35,No,Master,1,Man,0,NotDev,13,7,15,1
<35,No,Other,1,Man,0,Dev,14,3,3,0
>35,No,Other,1,Man,0,Dev,42,22,26,1
<35,No,Other,1,Man,1,NotDev,9,0,9,0
<35,No,Undergraduate,1,Man,0,Dev,12,5,10,0
<35,No,Master,1,Man,0,Dev,22,8,4,0
<35,No,Undergraduate,1,Man,1,Dev,11,8,4,0
>35,No,NoHigherEd,1,Man,0,Dev,18,12,6,0
<35,No,PhD,1,Man,0,NotDev,11,7,8,0
>35,No,Other,1,Man,0,Dev,10,9,7,0
<35,No,Undergraduate,1,Man,0,Dev,7,4,7,0
>35,No,Other,1,Man,0,Dev,43,35,4,0
<35,No,Undergraduate,1,Man,0,Dev,17,15,8,0
<35,No,Master,1,NonBinary,0,Dev,15,4,19,0
<35,No,Master,0,Man,0,Dev,4,0,25,1
>35,Yes,NoHigherEd,0,Man,0,Dev,8,8,23,1
<35,No,Master,1,Man,1,Dev,20,7,5,0
<35,No,Master,1,Man,0,Dev,13,6,13,0
<35,No,Other,1,Man,0,Dev,5,5,18,1
<35,No,Master,1,Man,0,Dev,8,1,11,0
<35,No,Undergraduate,1,Man,1,NotDev,2,1,3,0
<35,No,Undergraduate,1,Man,0,NotDev,5,2,7,0
<35,No,NoHigherEd,1,Man,0,Dev,9,3,8,0
>35,No,NoHigherEd,1,Man,0,NotDev,30,3,13,0
>35,No,Master,1,Man,0,Dev,32,26,11,1
>35,No,Other,1,Man,0,NotDev,12,10,10,0
<35,No,Undergraduate,1,Man,1,NotDev,7,5,5,0
>35,No,Undergraduate,1,Woman,1,Dev,26,21,1,0
<35,No,Other,1,Man,1,Dev,10,3,17,1
>35,No,PhD,1,Man,0,Dev,13,6,10,0
<35,No,Other,1,Man,0,Dev,11,2,11,0
<35,No,Undergraduate,1,Man,0,Dev,4,0,11,0
<35,No,Undergraduate,1,NonBinary,0,Dev,10,4,23,1
>35,No,NoHigherEd,0,Man,0,Dev,20,15,25,1
<35,No,Master,1,Man,0,Dev,18,10,40,1
>35,No,Other,1,Man,0,Dev,21,12,9,1
<35,No,Undergraduate,1,Man,1,Dev,4,1,11,0
<35,No,Other,1,Man,0,Dev,5,4,11,0
<35,No,Undergraduate,1,Man,0,Dev,2,1,11,1
>35,No,Other,0,Man,0,Dev,30,13,10,0
<35,No,Master,1,Man,0,Dev,8,5,13,1
<35,No,Undergraduate,1,Man,0,Dev,9,7,9,0
<35,No,Other,0,Man,0,Dev,12,15,13,1
<35,No,PhD,1,Man,1,Dev,3,0,13,0
<35,No,Master,1,Man,0,Dev,12,7,13,0
<35,No,Undergraduate,1,Man,1,Dev,6,6,11,1
>35,No,Master,1,Man,1,Dev,3,3,15,1
<35,No,Undergraduate,1,Man,0,Dev,13,7,18,0
>35,No,Undergraduate,0,Man,0,Dev,36,16,18,1
<35,No,Other,1,Woman,0,NotDev,7,3,7,1
>35,No,Undergraduate,1,Man,0,Dev,37,27,4,0
<35,No,Master,0,Man,0,NotDev,9,0,4,0
<35,No,Undergraduate,1,Man,0,Dev,5,3,18,1
<35,No,NoHigherEd,0,Man,1,Dev,6,2,18,1
>35,No,Master,1,Man,0,Dev,43,22,34,1
<35,No,Undergraduate,1,Man,0,Dev,5,0,15,1
>35,No,Master,1,Man,0,Dev,22,20,10,1
<35,No,Master,1,Man,0,Dev,20,10,6,0
<35,No,Undergraduate,1,Man,0,Dev,22,19,32,1
<35,No,NoHigherEd,1,Man,0,Dev,15,11,13,1
>35,No,Master,1,Man,0,Dev,18,16,16,1
<35,No,Master,1,Man,0,Dev,8,5,8,0
>35,No,Undergraduate,1,Man,0,Dev,29,25,5,0
>35,No,Master,1,Man,1,Dev,45,40,9,0
<35,No,Undergraduate,1,Man,0,Dev,9,5,14,1
<35,No,Undergraduate,1,Man,0,Dev,14,4,27,1
<35,No,Master,1,Man,1,Dev,16,8,26,1
>35,No,Master,1,Man,1,Dev,22,20,14,1
<35,No,Master,1,Woman,0,NotDev,7,4,9,0
>35,No,Undergraduate,1,Man,0,Dev,17,13,8,1
<35,No,Master,1,Man,0,Dev,17,2,6,0
<35,No,Master,1,Man,0,Dev,7,4,14,0
<35,No,Other,1,Man,0,Dev,1,0,6,0
<35,No,Undergraduate,1,Man,0,Dev,12,6,20,1
>35,No,Master,1,Man,0,Dev,40,31,14,0
<35,No,Master,1,Man,0,Dev,15,10,6,0
<35,No,Other,1,Man,0,Dev,12,5,15,1
<35,No,Undergraduate,1,Man,0,Dev,15,6,12,0
>35,No,Undergraduate,1,Man,1,Dev,35,35,8,1
>35,No,Master,1,Man,0,Dev,20,15,2,0
>35,No,Undergraduate,0,Man,0,Dev,34,23,5,0
<35,No,Master,1,Man,0,Dev,9,5,22,1
>35,No,PhD,1,NonBinary,0,NotDev,8,4,2,0
<35,No,Master,1,Man,0,Dev,14,5,16,1
<35,No,Undergraduate,1,Man,0,Dev,6,6,7,0
>35,No,Master,1,Man,0,Dev,40,26,6,0
<35,No,Master,1,Man,1,Dev,15,10,16,1
<35,No,Master,1,Man,0,Dev,12,4,8,0
>35,No,Undergraduate,1,Man,0,Dev,35,13,15,1
>35,No,PhD,1,Man,0,NotDev,10,10,5,0
<35,No,Undergraduate,1,Woman,1,Dev,14,10,19,1
>35,No,PhD,1,Man,1,Dev,14,9,12,1
>35,No,Other,1,Man,0,Dev,11,7,20,1
<35,No,Other,1,Man,0,Dev,15,10,20,1
>35,No,Undergraduate,1,Man,0,Dev,17,10,8,1
>35,No,Other,1,Man,0,Dev,23,23,21,0
<35,No,Master,1,Man,0,Dev,20,7,7,0
<35,No,Master,1,Man,0,Dev,7,2,4,0
<35,No,Undergraduate,1,Man,0,Dev,6,3,15,0
<35,No,Other,1,Man,0,Dev,10,7,22,1
>35,No,Undergraduate,1,Woman,0,Dev,2,2,4,0
>35,No,Master,1,Man,0,NotDev,30,27,8,0
<35,No,Undergraduate,1,Man,0,Dev,7,5,17,1
>35,No,Other,0,Man,0,NotDev,35,10,10,0
<35,No,Master,1,Man,1,Dev,8,2,5,0
<35,No,Undergraduate,1,Man,0,Dev,11,4,16,1
<35,No,Undergraduate,1,NonBinary,1,Dev,12,3,17,1
<35,No,Undergraduate,0,Man,1,NotDev,6,3,13,1
<35,No,Master,1,Man,0,Dev,12,6,29,1
<35,No,Other,1,Man,1,Dev,11,7,5,0
<35,No,Undergraduate,1,Man,0,Dev,8,3,20,1
>35,No,Master,1,Man,1,Dev,7,7,13,1
<35,No,Undergraduate,1,Man,0,Dev,8,4,22,1
<35,No,Undergraduate,1,Man,0,Dev,8,2,10,0
<35,Yes,Undergraduate,1,Man,1,Dev,8,1,8,1
<35,No,Undergraduate,1,Man,0,Dev,12,6,8,0
<35,No,Undergraduate,1,Man,0,Dev,24,18,17,0
<35,No,Master,1,Man,1,NotDev,10,4,3,0
<35,No,Other,1,Man,0,Dev,8,6,5,0
<35,No,Master,1,Man,0,Dev,17,12,13,1
>35,No,Undergraduate,1,Man,1,NotDev,25,10,7,1
>35,No,Other,1,Man,0,Dev,12,8,21,1
<35,No,Master,1,Man,1,Dev,11,9,12,0
<35,No,Other,1,Man,0,Dev,8,5,22,1
>35,No,Undergraduate,1,Man,0,Dev,21,20,9,1
>35,No,Master,0,Man,0,NotDev,21,20,19,1
<35,No,Undergraduate,1,Man,1,Dev,6,2,14,1
<35,No,Undergraduate,1,Woman,1,Dev,5,3,19,1
>35,No,Other,1,Man,0,Dev,37,22,8,0
>35,No,PhD,1,NonBinary,0,Dev,17,17,15,1
>35,No,Undergraduate,1,Man,0,Dev,26,22,20,1
>35,No,Undergraduate,1,Man,0,Dev,7,5,6,0
<35,No,Master,1,Woman,1,Dev,10,7,17,1
<35,No,Undergraduate,1,Man,0,Dev,10,6,22,1
>35,No,Master,1,Woman,1,Dev,6,5,4,0
<35,No,Master,1,Man,0,Dev,8,3,14,1
<35,No,Undergraduate,1,Man,0,Dev,4,1,19,1
<35,No,Master,1,Man,1,Dev,10,5,19,1
>35,No,PhD,1,Man,0,NotDev,13,6,1,0
<35,No,NoHigherEd,1,Man,1,Dev,4,3,9,0
<35,No,Master,1,Man,1,Dev,8,0,22,1
<35,No,Undergraduate,1,Man,0,Dev,4,0,6,0
<35,No,Undergraduate,1,Man,0,Dev,14,5,21,1
<35,No,Master,1,Woman,1,Dev,15,12,29,1
<35,No,Other,1,Man,1,Dev,9,0,17,1
<35,No,Master,1,Man,0,Dev,16,8,17,1
>35,No,Other,1,Man,1,Dev,30,12,15,0
>35,No,Undergraduate,0,Man,0,Dev,27,23,34,1
<35,No,Other,1,Man,1,Dev,16,8,23,1
>35,No,Master,1,Man,0,Dev,26,20,5,0
<35,No,Undergraduate,1,Man,0,Dev,11,5,11,0
>35,No,NoHigherEd,0,Man,0,Dev,28,22,23,1
<35,No,Undergraduate,1,Man,0,Dev,12,2,10,0
>35,No,Other,1,Man,0,Dev,9,3,28,1
<35,No,NoHigherEd,0,Man,1,Dev,5,4,11,1
<35,Yes,Undergraduate,1,Man,1,Dev,16,13,16,0
<35,No,Undergraduate,1,Man,1,Dev,7,5,13,1
<35,No,Master,1,Man,0,Dev,5,3,14,0
<35,No,Other,1,Man,0,Dev,12,8,23,1
<35,No,Undergraduate,1,Man,0,Dev,20,15,11,0
>35,No,Master,1,Man,0,Dev,25,19,11,0
<35,No,Undergraduate,1,Man,0,Dev,8,6,12,1
<35,No,Master,1,Man,0,Dev,10,1,9,0
<35,No,PhD,1,Man,0,Dev,11,5,15,1
<35,No,Master,1,Man,0,Dev,14,5,15,0
>35,No,Other,1,Man,0,NotDev,30,5,14,1
>35,No,Undergraduate,1,Man,0,Dev,9,8,11,1
<35,No,Undergraduate,1,Man,0,Dev,4,2,7,1
>35,No,Undergraduate,1,Man,0,Dev,0,15,10,0
<35,No,Undergraduate,1,Man,0,NotDev,4,0,5,0
<35,No,Undergraduate,1,Man,1,Dev,15,10,7,0
>35,No,Undergraduate,1,Man,0,Dev,30,21,14,0
>35,No,Undergraduate,1,Man,0,Dev,27,24,7,0
<35,No,Undergraduate,1,Man,0,Dev,8,5,7,1
<35,No,Undergraduate,1,Man,0,Dev,10,6,2,0
<35,No,Undergraduate,0,Man,1,Dev,10,10,18,0
>35,No,Master,1,Man,0,NotDev,20,12,13,0
>35,No,Master,1,Man,0,NotDev,11,9,11,0
<35,No,Master,1,Man,0,Dev,12,10,20,1
<35,No,Undergraduate,0,Man,0,Dev,15,12,21,1
>35,No,Master,1,Man,0,Dev,7,7,2,0
>35,No,Master,1,Man,0,NotDev,24,13,7,0
<35,No,Other,1,Man,1,Dev,10,0,9,1
<35,No,Master,1,Man,0,Dev,7,2,11,0
<35,No,Undergraduate,1,Man,0,Dev,13,6,9,0
<35,No,Undergraduate,1,Man,0,Dev,11,5,10,0
<35,No,Undergraduate,1,Man,1,Dev,11,6,9,1
>35,No,Master,1,Man,0,Dev,25,17,3,0
<35,No,Undergraduate,1,NonBinary,0,Dev,13,11,30,1
<35,No,Undergraduate,1,Man,0,Dev,8,3,3,0
<35,No,Master,1,Woman,0,Dev,13,4,8,0
<35,No,Other,1,Man,0,Dev,12,9,20,1
<35,No,Undergraduate,1,Man,0,Dev,13,7,14,0
<35,No,Master,1,Man,0,Dev,11,9,16,1
<35,No,Undergraduate,0,Man,0,Dev,5,1,18,1
>35,No,PhD,1,Man,1,Dev,5,4,14,0
<35,No,Master,1,Man,0,Dev,7,6,5,0
<35,No,Master,1,Man,0,Dev,19,9,7,0
>35,No,Other,1,Man,0,Dev,35,25,3,0
>35,No,NoHigherEd,1,Man,0,Dev,24,20,20,1
>35,No,Undergraduate,1,Woman,1,Dev,17,13,5,0
>35,No,NoHigherEd,0,Man,0,Dev,22,16,9,0
>35,No,Undergraduate,1,Man,0,Dev,15,11,26,1
>35,No,Undergraduate,0,Man,0,Dev,28,25,5,0
<35,No,Master,1,Man,0,NotDev,12,2,16,1
>35,No,Master,0,Man,0,Dev,40,34,17,1
<35,No,Undergraduate,1,Man,1,Dev,10,8,11,1
<35,No,Undergraduate,1,Man,0,Dev,7,5,25,1
>35,No,Master,1,Woman,0,Dev,47,45,11,0
>35,No,Other,0,Man,1,Dev,25,22,10,0
<35,No,Undergraduate,1,Man,1,Dev,9,2,16,1
<35,No,Undergraduate,1,Man,1,Dev,5,0,16,1
>35,No,Other,1,Man,0,Dev,21,16,9,0
<35,No,Undergraduate,1,Man,0,Dev,15,10,15,1
<35,No,Undergraduate,1,Man,0,Dev,9,6,18,0
<35,No,Other,1,Man,0,Dev,14,4,20,1
<35,No,Other,1,Man,0,Dev,8,5,14,1
<35,No,Undergraduate,1,Man,0,Dev,12,9,10,1
<35,No,Other,1,Man,1,Dev,7,4,12,0
>35,No,Master,1,Man,0,NotDev,3,3,5,0
<35,No,Undergraduate,1,Man,0,Dev,20,12,15,1
<35,No,Undergraduate,0,Man,0,Dev,3,2,30,1
<35,No,Undergraduate,1,NonBinary,1,Dev,7,3,9,1
>35,No,Master,0,Man,0,Dev,33,28,10,0
<35,No,Undergraduate,1,Man,0,Dev,6,2,7,0
<35,No,Undergraduate,1,Man,0,Dev,14,8,16,1
>35,No,Other,1,Man,0,Dev,37,33,11,1
>35,No,Undergraduate,1,Man,1,Dev,20,20,18,1
>35,No,Undergraduate,1,Man,1,Dev,15,10,13,1
>35,No,Master,1,Man,0,Dev,9,8,9,0
>35,No,Undergraduate,1,Man,0,Dev,30,25,16,1
<35,No,Master,1,Man,0,Dev,5,4,9,0
<35,No,Master,1,Woman,0,Dev,6,2,11,0
<35,No,Undergraduate,1,Woman,0,Dev,2,1,8,0
<35,No,Undergraduate,1,Man,1,Dev,14,9,10,1
>35,No,Undergraduate,1,Man,0,NotDev,25,22,8,0
>35,No,Master,1,Man,0,Dev,31,26,15,1
<35,No,Undergraduate,1,Man,1,NotDev,8,4,14,0
<35,No,Master,0,Man,0,Dev,13,13,4,0
>35,No,Undergraduate,1,Man,0,Dev,12,10,8,0
<35,No,Master,1,Man,0,Dev,12,3,9,0
<35,No,NoHigherEd,0,Man,0,NotDev,8,3,8,0
>35,No,Undergraduate,1,Man,0,NotDev,20,12,11,1
<35,No,Master,1,Man,1,Dev,18,10,10,1
<35,No,Undergraduate,1,Man,0,Dev,7,1,39,1
<35,No,Undergraduate,1,Man,0,Dev,4,3,10,0
<35,No,Undergraduate,1,Man,0,Dev,10,7,16,0
<35,No,Undergraduate,1,Man,0,Dev,16,13,10,0
>35,No,Master,1,Man,0,NotDev,25,20,11,0
<35,No,Undergraduate,1,Man,0,Dev,9,9,22,1
>35,No,Undergraduate,1,Man,0,Dev,20,17,3,0
<35,No,Undergraduate,1,Man,1,Dev,4,2,15,1
>35,No,Master,0,Man,0,Dev,36,22,8,0
<35,No,Undergraduate,1,Man,0,Dev,4,2,15,1
<35,No,Master,1,Man,0,Dev,11,1,2,0
<35,No,Master,1,Man,0,Dev,11,10,16,1
>35,No,Undergraduate,1,Man,0,NotDev,4,1,7,0
>35,No,Other,0,Man,0,Dev,46,31,14,1
>35,Yes,PhD,0,Man,0,NotDev,49,32,20,1
>35,No,Master,1,Man,0,NotDev,22,22,5,0
<35,No,Master,1,Man,0,Dev,11,4,8,0
<35,No,Master,1,Man,0,Dev,10,6,2,0
>35,No,Undergraduate,1,Man,1,Dev,8,7,23,1
<35,No,Undergraduate,1,Man,0,Dev,5,0,23,1
<35,No,PhD,1,Man,0,Dev,15,7,13,1
<35,No,Undergraduate,1,Man,0,Dev,10,6,8,0
<35,No,NoHigherEd,1,Man,0,Dev,6,5,33,1
<35,Yes,Undergraduate,1,Man,0,Dev,11,8,19,1
>35,No,Master,0,Woman,1,Dev,35,32,7,1
<35,Yes,Undergraduate,1,Man,0,NotDev,4,3,6,0
<35,No,Undergraduate,1,Man,0,Dev,5,1,3,0
>35,No,Undergraduate,0,Man,0,Dev,10,9,13,0
<35,No,Master,1,Man,0,Dev,14,6,11,0
>35,No,Master,1,Man,0,NotDev,28,21,10,0
>35,No,Master,1,Man,1,NotDev,4,4,7,1
<35,No,Undergraduate,1,Woman,0,Dev,2,0,2,0
<35,No,NoHigherEd,1,Man,0,Dev,10,4,16,0
<35,No,PhD,1,Man,0,NotDev,16,5,7,0
<35,No,Undergraduate,1,Man,0,Dev,4,2,23,1
<35,No,Undergraduate,1,Man,0,Dev,5,2,9,0
<35,No,Undergraduate,1,NonBinary,1,Dev,11,3,12,1
<35,No,Undergraduate,1,Man,0,Dev,4,0,4,0
<35,No,Undergraduate,1,Man,0,Dev,5,1,2,0
<35,No,Master,0,Woman,1,Dev,14,6,9,1
<35,No,Undergraduate,1,Man,1,NotDev,5,3,1,0
>35,No,NoHigherEd,1,Man,0,Dev,15,10,6,0
<35,No,Undergraduate,1,Man,0,Dev,4,2,13,1
<35,No,Undergraduate,1,Man,0,Dev,8,4,21,1
<35,No,Other,0,Man,1,Dev,8,4,7,0
<35,No,Master,1,Man,0,Dev,11,5,6,0
>35,No,Master,0,Man,0,Dev,26,11,18,1
<35,No,Master,1,Man,0,Dev,10,3,15,1
>35,No,Other,1,Man,1,Dev,42,25,8,0
<35,No,Undergraduate,1,Woman,1,Dev,11,7,5,0
>35,No,Undergraduate,0,Man,0,Dev,20,12,23,1
<35,No,Other,1,Man,0,Dev,8,3,14,1
<35,No,PhD,1,Man,0,NotDev,10,5,7,0
<35,No,Undergraduate,1,Man,1,Dev,10,5,18,1
>35,No,Undergraduate,1,Man,0,Dev,6,5,15,1
<35,No,Undergraduate,1,Man,1,NotDev,7,5,4,0
<35,No,Master,1,Man,0,Dev,13,5,9,0
<35,No,Other,1,Man,0,Dev,25,15,21,1
<35,No,Undergraduate,1,Man,0,Dev,7,2,6,0
<35,No,Undergraduate,1,Man,0,Dev,10,3,21,1
>35,No,Undergraduate,1,Man,0,Dev,23,13,4,0
<35,No,Master,1,Man,0,Dev,10,5,12,0
<35,No,Undergraduate,1,Man,0,Dev,3,2,15,1
<35,No,Undergraduate,1,Man,0,Dev,22,16,18,0
>35,No,Undergraduate,1,Man,1,Dev,27,12,8,1
<35,No,Undergraduate,1,Woman,1,Dev,5,3,31,1
<35,No,Undergraduate,1,Man,0,Dev,8,8,6,0
<35,No,Master,1,Man,0,Dev,4,1,16,1
<35,No,Undergraduate,1,Man,0,Dev,14,12,12,1
<35,No,Master,1,Man,0,NotDev,2,0,7,0
>35,No,Undergraduate,1,Man,0,Dev,25,21,12,0
>35,No,Master,1,Man,0,Dev,25,21,11,1
<35,No,Undergraduate,1,Man,0,Dev,3,1,21,1
<35,No,Undergraduate,1,Man,0,Dev,4,3,42,1
<35,No,Master,1,Man,0,Dev,8,0,7,0
>35,No,Master,1,Man,0,NotDev,42,38,6,0
>35,No,Other,1,Man,0,Dev,20,12,14,1
>35,No,Undergraduate,1,Man,0,Dev,27,12,22,1
<35,No,Undergraduate,1,Man,0,Dev,5,2,8,0
<35,No,Undergraduate,1,Man,0,Dev,9,4,9,0
<35,No,Undergraduate,1,Man,0,Dev,8,6,15,1
<35,No,Master,1,Man,1,Dev,7,3,13,0
<35,No,Master,1,Man,0,Dev,4,4,23,1
<35,No,Undergraduate,1,Man,0,NotDev,5,2,5,0
<35,No,Undergraduate,1,Man,0,Dev,5,3,14,1
>35,No,Master,1,Man,1,Dev,15,13,16,1
<35,No,Undergraduate,1,Man,0,Dev,9,4,17,1
<35,No,Master,1,Man,0,Dev,10,7,15,1
<35,No,Undergraduate,1,Man,0,Dev,18,9,20,1
<35,No,Undergraduate,1,Man,0,Dev,12,12,8,0
>35,No,Undergraduate,1,Man,0,Dev,20,15,13,1
<35,No,Undergraduate,0,Man,0,Dev,17,12,24,1
>35,No,Undergraduate,1,Man,1,Dev,18,13,13,0
<35,No,PhD,1,Woman,1,Dev,13,5,6,0
>35,No,Undergraduate,0,Man,1,Dev,41,30,25,1
>35,No,Other,1,Man,0,Dev,15,13,13,0
>35,No,PhD,0,Man,0,Dev,20,10,16,1
>35,No,Other,1,Man,0,Dev,39,36,12,1
<35,No,NoHigherEd,1,Man,0,Dev,4,1,12,1
>35,No,Undergraduate,1,Man,0,Dev,40,37,17,1
<35,No,Other,1,Man,1,Dev,23,11,8,0
>35,No,Undergraduate,1,Man,1,Dev,15,12,17,1
<35,No,Undergraduate,0,Man,0,Dev,8,4,13,1
<35,No,Undergraduate,1,Man,0,Dev,7,2,13,1
<35,No,Other,1,Man,0,NotDev,7,3,15,1
>35,No,Undergraduate,1,Man,0,Dev,24,20,10,1
<35,No,Master,1,Man,1,NotDev,17,10,27,1
<35,No,Undergraduate,1,Woman,0,Dev,7,3,7,1
<35,No,Master,1,Man,0,Dev,12,2,17,1
<35,No,Undergraduate,1,Man,0,Dev,10,8,29,1
>35,No,NoHigherEd,1,Man,0,Dev,22,15,6,0
<35,No,Master,1,Man,0,Dev,13,8,9,1
<35,No,Undergraduate,1,Man,0,Dev,2,2,4,0
<35,No,Master,1,Man,0,Dev,10,6,18,0
>35,No,Other,1,Man,1,Dev,25,11,40,1
>35,No,Master,1,Man,0,NotDev,17,17,15,1
<35,No,Other,1,Man,1,Dev,3,0,6,0
<35,No,Master,1,Man,0,NotDev,10,6,12,1
>35,No,Other,1,Man,0,Dev,22,16,12,1
<35,No,Master,1,Man,0,Dev,13,11,16,1
<35,No,Master,1,Man,0,Dev,12,8,16,1
>35,No,Undergraduate,1,Woman,0,Dev,5,2,9,0
>35,No,Undergraduate,1,Man,0,NotDev,28,17,7,0
<35,No,Master,1,Man,0,Dev,7,2,11,1
>35,No,Undergraduate,1,Man,0,Dev,24,14,15,0
<35,No,Other,1,Man,1,Dev,12,3,15,0
>35,No,Undergraduate,1,Man,1,Dev,30,10,16,1
<35,No,Master,1,Man,0,Dev,9,9,15,1
<35,No,Other,1,Man,0,Dev,7,6,10,0
<35,No,Undergraduate,1,Man,0,Dev,1,1,10,1
<35,No,Undergraduate,1,Man,1,Dev,8,5,7,0
<35,No,Master,1,Man,0,Dev,5,1,13,0
<35,No,Undergraduate,1,Man,0,Dev,8,5,9,0
<35,No,Undergraduate,1,Man,1,Dev,10,6,13,0
<35,No,Master,0,Man,0,Dev,12,11,30,1
<35,No,Master,1,Man,0,Dev,7,0,20,1
<35,No,NoHigherEd,1,Woman,1,Dev,12,9,21,1
<35,No,Master,1,Man,1,Dev,11,7,18,1
>35,No,Master,1,Man,1,Dev,21,14,27,1
<35,No,Other,1,Man,0,Dev,16,10,12,0
<35,No,Undergraduate,1,Man,1,Dev,13,3,16,1
<35,No,Other,1,Man,0,Dev,15,7,20,1
<35,No,Undergraduate,1,Man,0,Dev,10,5,13,1
<35,No,Master,1,Man,0,Dev,7,7,16,1
<35,No,Undergraduate,1,Man,1,Dev,3,15,8,1
<35,No,Undergraduate,1,Man,0,Dev,7,5,18,1
<35,No,Master,1,Woman,1,Dev,8,3,12,0
<35,No,Other,1,Man,0,Dev,6,2,10,1
<35,No,Undergraduate,1,Man,1,Dev,5,1,8,0
>35,No,Undergraduate,1,Man,1,Dev,31,25,11,0
<35,No,Undergraduate,1,Man,0,Dev,20,10,11,1
<35,No,Other,1,Man,0,Dev,15,8,22,1
<35,No,NoHigherEd,1,Man,1,Dev,10,7,13,0
<35,No,Undergraduate,0,Man,0,Dev,9,0,13,1
>35,No,Undergraduate,1,NonBinary,1,Dev,33,22,4,0
<35,No,Master,1,Man,0,NotDev,15,9,3,0
<35,No,Undergraduate,1,Man,1,Dev,1,0,12,0
<35,No,Undergraduate,1,Man,1,Dev,8,7,6,1
<35,No,Other,1,Man,0,Dev,15,9,21,1
<35,No,Undergraduate,1,Man,1,Dev,16,10,14,0
<35,No,Other,1,Man,0,Dev,16,5,25,1
<35,No,Undergraduate,1,Man,1,Dev,11,7,13,1
<35,No,Undergraduate,1,Man,0,Dev,14,12,7,1
<35,No,Master,1,NonBinary,1,Dev,16,10,13,0
>35,No,Master,1,Man,0,Dev,35,20,3,0
>35,No,Undergraduate,1,Man,0,Dev,18,18,10,1
<35,No,Undergraduate,0,Man,0,Dev,15,10,12,0
<35,No,Master,1,Man,0,Dev,17,7,15,0
<35,No,Undergraduate,1,Man,0,Dev,8,5,23,1
<35,No,Undergraduate,1,Man,0,Dev,3,2,19,1
>35,No,PhD,1,Man,0,Dev,26,13,20,0
<35,No,Master,1,Man,0,Dev,16,7,3,0
<35,No,NoHigherEd,1,Man,0,NotDev,15,10,9,0
<35,No,Master,1,NonBinary,0,Dev,15,3,17,1
<35,No,Undergraduate,1,Man,0,Dev,15,5,4,0
<35,No,PhD,1,Man,1,Dev,10,5,21,1
>35,No,Master,1,Man,0,Dev,23,16,15,1
<35,No,Undergraduate,1,Woman,1,Dev,12,10,19,1
>35,No,Undergraduate,1,Man,0,Dev,22,16,7,0
>35,No,Other,1,Man,1,Dev,15,11,9,0
<35,No,Other,1,Man,0,Dev,10,3,23,1
>35,No,Undergraduate,1,Man,0,Dev,32,30,17,1
<35,No,Master,0,Man,1,Dev,14,8,34,1
<35,No,Undergraduate,1,Man,0,Dev,7,4,30,1
>35,No,Other,1,Man,0,Dev,25,15,15,1
<35,No,Undergraduate,1,Man,0,Dev,9,5,8,0
>35,No,Master,1,Man,0,Dev,19,15,24,1
<35,No,Undergraduate,1,Man,0,Dev,13,0,15,1
<35,No,Master,1,Man,0,Dev,13,9,3,0
>35,No,Undergraduate,1,Man,0,Dev,30,20,25,1
<35,No,Undergraduate,1,Man,1,Dev,5,0,3,0
<35,No,Master,1,Man,0,Dev,15,1,7,0
<35,No,Undergraduate,1,NonBinary,0,Dev,13,5,5,0
<35,No,Undergraduate,1,Man,0,Dev,10,8,9,1
>35,No,NoHigherEd,1,Man,0,Dev,30,30,10,0
<35,No,Undergraduate,1,Man,0,Dev,10,7,18,1
<35,No,Other,1,Man,0,Dev,8,3,8,1
<35,No,Undergraduate,1,Man,0,Dev,12,7,14,1
<35,No,Undergraduate,0,Man,1,Dev,7,5,5,0
<35,No,Undergraduate,1,Man,0,NotDev,6,6,42,1
<35,No,Undergraduate,1,Man,0,Dev,9,7,4,0
<35,Yes,Other,1,Man,0,Dev,5,3,10,0
<35,No,Undergraduate,1,Man,0,Dev,4,0,17,1
<35,No,Undergraduate,1,Man,0,Dev,14,8,15,1
>35,No,Undergraduate,1,Man,0,Dev,33,17,6,0
<35,No,Undergraduate,1,Woman,0,Dev,15,5,17,0
>35,No,Master,1,Man,0,Dev,6,4,8,0
>35,No,Other,1,Man,1,NotDev,38,22,16,1
>35,No,Undergraduate,1,Man,0,Dev,15,15,15,1
>35,No,Undergraduate,1,Man,0,Dev,18,17,10,1
<35,No,Other,1,Man,0,Dev,2,0,8,1
>35,No,Master,1,Man,1,NotDev,30,15,12,0
>35,No,Undergraduate,1,Man,1,NotDev,6,2,4,0
>35,No,Undergraduate,1,Man,1,Dev,25,10,9,1
>35,No,Master,0,Man,0,Dev,20,14,17,1
>35,No,PhD,1,Man,0,NotDev,6,4,50,1
<35,No,Undergraduate,1,Woman,1,Dev,14,8,19,1
<35,No,Other,1,Man,0,Dev,4,2,14,0
>35,No,Master,1,Man,0,Dev,20,4,11,1
>35,No,Other,1,Man,0,Dev,15,10,12,1
<35,No,NoHigherEd,1,Man,1,Dev,9,6,12,1
<35,No,Undergraduate,1,Man,0,Dev,16,11,19,1
<35,No,Undergraduate,1,Man,0,Dev,12,7,15,1
>35,No,Undergraduate,1,Man,0,Dev,22,15,31,1
>35,No,PhD,1,Man,0,Dev,30,15,8,1
<35,No,Undergraduate,1,Man,0,Dev,10,5,31,1
>35,No,Master,0,Man,0,Dev,20,14,11,1
<35,No,Master,1,Man,0,Dev,12,7,11,0
<35,No,Undergraduate,0,Man,1,Dev,4,2,14,1
<35,No,Undergraduate,0,Man,0,Dev,17,10,28,1
>35,Yes,Undergraduate,0,Man,1,Dev,20,18,12,1
<35,No,Undergraduate,1,Man,0,Dev,20,10,20,0
<35,No,NoHigherEd,1,Man,0,Dev,7,7,24,1
<35,No,Undergraduate,1,Man,0,Dev,7,6,11,0
>35,No,Master,0,Man,0,Dev,21,14,46,1
<35,No,Undergraduate,1,Woman,0,Dev,4,3,12,0
<35,No,Undergraduate,1,Man,0,Dev,5,4,12,1
<35,No,Undergraduate,0,Man,0,Dev,12,10,24,1
>35,No,Other,1,Man,0,Dev,26,20,6,0
<35,No,Master,1,Man,0,Dev,18,6,5,0
>35,No,Other,1,Man,0,Dev,36,31,21,1
<35,No,Undergraduate,1,Man,0,Dev,12,5,5,0
<35,No,NoHigherEd,1,Woman,0,Dev,10,10,13,1
<35,No,Undergraduate,1,Man,0,Dev,12,3,4,0
>35,No,Master,1,Man,0,Dev,16,16,8,0
>35,No,Undergraduate,1,Man,1,NotDev,35,30,3,0
<35,No,Undergraduate,1,Man,0,Dev,2,2,27,1
<35,No,Master,1,Man,0,Dev,6,4,6,0
>35,No,Undergraduate,1,Man,0,Dev,25,17,11,1
>35,No,Other,1,Man,0,Dev,20,14,16,1
<35,No,Undergraduate,1,Man,1,Dev,12,9,5,0
<35,No,Undergraduate,1,Man,0,Dev,8,5,31,1
<35,No,Undergraduate,1,Man,0,Dev,7,6,9,1
<35,No,Master,1,Man,0,Dev,12,7,9,0
<35,No,Undergraduate,1,Man,0,Dev,10,4,15,1
<35,No,Other,0,Man,0,Dev,6,5,8,0
<35,No,Undergraduate,0,Man,1,Dev,9,6,8,0
<35,No,Master,1,Man,0,Dev,20,15,15,1
<35,No,NoHigherEd,0,Man,0,Dev,6,4,17,1
>35,No,Master,1,Man,0,Dev,22,6,18,0
<35,No,Undergraduate,1,Man,0,Dev,8,4,15,1
<35,No,Other,0,Man,0,Dev,19,13,6,0
<35,No,Undergraduate,1,Man,0,Dev,20,8,18,1
<35,No,Undergraduate,1,Man,1,Dev,2,1,10,0
<35,No,Undergraduate,1,Man,1,Dev,11,11,8,0
>35,No,PhD,1,Man,0,NotDev,35,26,6,0
>35,No,Undergraduate,0,Man,0,Dev,30,25,19,1
>35,No,Master,1,Man,1,Dev,7,5,8,0
>35,No,Master,0,Man,0,Dev,6,5,12,0
>35,No,Master,1,Man,1,Dev,30,24,12,1
>35,No,Master,1,Man,0,Dev,22,19,15,1
>35,No,PhD,1,Man,0,Dev,22,9,17,1
<35,No,Master,1,NonBinary,0,Dev,14,5,10,0
<35,No,Master,1,Man,0,Dev,6,4,10,0
>35,No,Master,1,Man,0,Dev,35,30,1,0
<35,No,Master,1,Woman,0,Dev,10,7,10,0
<35,No,Undergraduate,1,Man,0,Dev,3,1,18,1
<35,No,Master,1,Man,1,Dev,13,6,23,1
>35,No,PhD,1,Man,0,Dev,30,11,7,0
<35,No,Undergraduate,1,Man,0,Dev,12,12,18,1
>35,No,Undergraduate,1,Man,1,Dev,40,28,6,0
<35,No,Undergraduate,1,Man,0,Dev,9,5,9,0
>35,No,Undergraduate,1,Man,1,Dev,3,0,7,0
<35,No,Undergraduate,1,Man,0,Dev,10,9,8,0
>35,No,Undergraduate,1,Man,0,Dev,20,15,10,1
<35,No,Undergraduate,1,Man,1,Dev,6,4,30,1
<35,No,Undergraduate,1,Man,1,Dev,12,5,24,1
>35,No,Undergraduate,1,Man,0,Dev,13,13,6,1
>35,No,Master,1,Man,0,Dev,24,12,21,1
<35,No,Undergraduate,1,Man,1,Dev,7,5,20,1
<35,No,Undergraduate,1,Man,1,Dev,6,2,12,1
<35,No,Undergraduate,1,Man,1,Dev,6,3,7,0
>35,No,Master,1,Man,0,Dev,10,10,24,1
>35,No,Undergraduate,0,Man,0,Dev,13,12,8,1
>35,No,Undergraduate,1,Man,1,Dev,40,25,3,0
<35,No,Undergraduate,1,Man,0,Dev,15,9,14,1
<35,No,Undergraduate,1,Man,1,NotDev,4,0,6,0
<35,No,Undergraduate,1,Man,0,Dev,11,4,9,0
<35,No,Other,1,Man,0,Dev,6,1,7,0
<35,No,Master,0,NonBinary,0,Dev,10,4,11,0
<35,No,Other,1,Man,0,Dev,3,4,15,1
<35,No,Master,1,Man,0,Dev,3,2,6,0
<35,No,NoHigherEd,1,Man,0,Dev,8,4,17,1
<35,No,Undergraduate,1,Man,0,NotDev,6,4,17,1
<35,No,Master,1,Man,1,Dev,1,0,3,0
<35,No,Master,1,Man,1,Dev,17,7,17,0
>35,No,Other,1,Man,0,Dev,49,48,5,0
>35,No,Undergraduate,1,Man,0,Dev,15,12,12,1
>35,No,Master,1,Man,1,Dev,15,10,16,0
<35,No,Undergraduate,1,Man,0,Dev,6,2,13,1
<35,No,Undergraduate,0,Man,0,Dev,20,12,20,0
>35,No,Master,1,Man,0,Dev,23,14,16,1
<35,No,Undergraduate,1,Man,0,Dev,6,3,11,1
<35,No,Master,1,Man,0,Dev,18,7,14,1
<35,No,Undergraduate,1,Man,0,Dev,11,8,15,0
>35,No,Undergraduate,1,Man,0,Dev,25,19,22,1
>35,No,Other,0,Man,0,Dev,30,20,20,1
<35,No,Other,1,Man,0,Dev,2,3,12,1
<35,No,Undergraduate,1,NonBinary,1,Dev,2,2,15,1
>35,No,Other,0,Man,1,Dev,21,10,33,1
>35,No,Undergraduate,1,Man,0,NotDev,5,3,10,0
<35,Yes,Other,1,Man,1,Dev,6,0,17,1
>35,No,Master,1,Man,0,Dev,30,15,15,1
<35,No,Undergraduate,1,Man,0,Dev,7,3,17,1
>35,No,Undergraduate,1,Man,0,Dev,18,10,11,1
<35,No,Undergraduate,1,Man,0,Dev,10,3,40,1
<35,No,Master,1,Woman,1,Dev,12,3,19,0
>35,No,NoHigherEd,1,Man,0,Dev,20,8,13,1
<35,No,Other,1,Man,0,Dev,17,12,9,0
<35,No,Undergraduate,1,Man,0,Dev,7,3,11,0
<35,No,Undergraduate,1,Woman,0,Dev,13,9,10,0
<35,No,Undergraduate,1,Man,0,Dev,7,4,7,0
<35,No,Undergraduate,1,Man,0,Dev,4,1,10,1
>35,No,Undergraduate,1,Man,1,Dev,30,19,15,0
>35,No,PhD,1,Man,0,Dev,23,11,12,0
<35,No,Undergraduate,1,Man,0,Dev,6,3,15,0
<35,No,Undergraduate,1,Man,0,Dev,15,10,13,0
<35,No,Undergraduate,1,Man,0,Dev,18,2,22,1
<35,No,Other,1,Man,1,Dev,10,4,16,0
<35,Yes,Undergraduate,1,Man,0,Dev,12,6,17,1
<35,No,Undergraduate,1,Man,0,Dev,7,2,11,1
<35,No,Other,1,Man,0,NotDev,3,0,20,1
>35,No,Undergraduate,1,Man,0,Dev,25,19,16,1
>35,No,Undergraduate,1,Man,0,Dev,22,15,23,1
<35,No,Undergraduate,1,Man,0,Dev,9,4,7,0
>35,No,Undergraduate,1,Man,0,NotDev,23,22,5,0
>35,No,Master,1,Man,0,NotDev,18,14,2,0
>35,No,Undergraduate,1,Man,0,Dev,17,16,16,1
>35,No,Master,1,Man,0,Dev,20,17,22,1
<35,No,Master,1,Man,0,Dev,4,2,8,0
<35,No,Undergraduate,1,Man,0,Dev,12,5,14,1
>35,No,Undergraduate,1,Man,1,Dev,17,14,12,0
<35,No,NoHigherEd,1,Man,0,Dev,3,2,9,0
<35,No,Undergraduate,1,Man,0,Dev,7,2,15,1
>35,No,Other,1,Man,0,NotDev,40,30,10,0
<35,No,Undergraduate,1,Man,0,Dev,10,5,17,1
<35,No,Other,1,Man,0,Dev,12,6,11,1
<35,No,Master,0,Man,0,Dev,8,5,11,0
>35,No,Master,1,Man,1,Dev,12,7,18,1
>35,No,Master,1,Man,0,Dev,15,9,16,1
>35,No,Other,1,Man,0,Dev,25,20,14,0
<35,No,Undergraduate,1,Man,0,Dev,1,5,23,1
>35,No,Master,1,Man,0,Dev,15,8,17,1
<35,No,Undergraduate,1,Man,0,Dev,10,7,8,1
<35,No,Other,1,Man,0,Dev,9,5,21,1
<35,No,Undergraduate,1,Woman,1,Dev,15,8,20,1
<35,No,Master,1,Man,0,Dev,10,2,11,0
>35,No,Other,1,Man,0,Dev,18,14,33,1
>35,No,Master,1,Man,1,NotDev,35,24,10,1
<35,No,Other,1,Man,1,Dev,10,5,11,0
<35,No,Master,1,Man,1,Dev,22,13,11,0
<35,No,Master,1,Man,0,Dev,6,6,10,1
<35,No,Master,1,Man,0,Dev,0,0,12,1
>35,No,Master,1,Man,0,Dev,12,8,21,1
<35,No,Undergraduate,0,Man,0,Dev,3,2,5,0
<35,No,Other,1,Man,0,Dev,10,8,23,1
<35,No,Master,1,Man,1,Dev,13,4,4,0
<35,No,Other,1,Man,0,Dev,2,0,4,0
<35,No,Undergraduate,1,Man,0,NotDev,3,1,13,1
>35,No,Master,1,Man,0,Dev,22,14,9,0
>35,No,Master,1,Man,0,Dev,20,12,17,1
<35,No,PhD,1,Man,0,Dev,12,6,5,0
<35,No,Undergraduate,1,Man,0,Dev,2,0,3,0
<35,No,Undergraduate,1,Man,1,Dev,5,1,10,0
<35,No,Undergraduate,1,Man,0,Dev,3,2,6,0
<35,No,Undergraduate,1,Woman,0,Dev,8,7,15,0
>35,No,Other,1,Man,0,NotDev,15,5,9,1
<35,No,Undergraduate,1,Man,0,Dev,6,3,8,0
<35,No,Undergraduate,1,Man,1,Dev,7,4,12,1
<35,No,Undergraduate,1,Man,0,Dev,7,0,13,0
>35,No,Undergraduate,1,Man,0,Dev,15,13,20,1
>35,Yes,Undergraduate,1,Man,0,Dev,20,15,8,1
>35,No,Master,0,Man,0,Dev,40,36,6,0
<35,No,Undergraduate,1,Man,0,Dev,4,2,7,0
>35,No,Undergraduate,1,Man,1,Dev,23,20,21,1
<35,No,Undergraduate,1,Man,1,Dev,12,6,4,0
>35,No,NoHigherEd,0,Man,0,Dev,40,27,34,1
>35,No,Master,0,Man,0,Dev,19,16,13,1
<35,No,Undergraduate,1,Man,1,Dev,15,3,20,0
<35,No,Undergraduate,1,Man,0,Dev,18,7,11,0
<35,No,Undergraduate,1,Man,0,Dev,18,9,6,0
<35,No,Undergraduate,1,Man,1,Dev,12,8,11,0
<35,No,Undergraduate,1,Man,1,Dev,18,15,27,1
<35,No,Undergraduate,1,Man,0,Dev,6,4,8,1
>35,No,Undergraduate,1,Man,0,Dev,15,12,18,0
<35,No,Undergraduate,1,Man,0,Dev,18,3,15,1
<35,No,Undergraduate,1,Man,0,NotDev,6,0,19,1
>35,No,Other,0,Man,0,Dev,24,14,9,0
<35,No,PhD,0,Man,0,Dev,12,7,11,0
<35,No,Other,1,Man,0,Dev,9,5,13,1
<35,No,Undergraduate,1,Man,0,Dev,4,2,14,0
<35,No,Master,1,Man,0,Dev,12,9,18,0
<35,No,Undergraduate,1,Man,1,Dev,8,4,3,0
<35,No,Master,1,Man,1,Dev,5,2,6,0
<35,Yes,NoHigherEd,1,Man,0,Dev,4,0,12,0
<35,No,Undergraduate,1,Man,0,Dev,8,6,27,1
<35,No,Other,1,Man,0,Dev,5,4,13,1
>35,No,Undergraduate,0,Man,0,NotDev,40,37,24,1
>35,No,Master,1,Man,0,Dev,20,17,10,0
>35,No,Master,1,Man,0,Dev,29,21,14,1
<35,No,Undergraduate,1,Man,0,Dev,6,4,11,1
>35,No,Other,1,Man,0,Dev,40,38,14,1
<35,No,Master,1,Man,0,Dev,26,9,11,1
>35,No,Other,1,Man,0,Dev,23,23,20,0
<35,No,Master,0,Man,1,Dev,17,6,24,0
>35,Yes,Other,1,Man,1,Dev,28,26,31,1
<35,No,Undergraduate,1,Man,0,Dev,5,4,4,0
<35,No,Other,1,Woman,0,Dev,4,4,18,1
<35,No,Other,1,Man,0,Dev,23,13,15,1
<35,No,Undergraduate,0,Man,0,Dev,10,7,20,0
<35,No,NoHigherEd,1,Man,0,Dev,6,4,14,1
>35,No,Master,1,Man,0,Dev,21,17,8,0
<35,No,Undergraduate,1,Man,0,NotDev,0,0,16,1
<35,No,Undergraduate,1,Man,0,Dev,10,4,7,0
<35,No,Master,1,Man,0,Dev,18,10,2,0
<35,No,Undergraduate,1,Man,0,Dev,8,2,7,1
<35,No,Other,0,Man,1,Dev,12,4,24,1
<35,No,Master,1,Woman,0,Dev,3,2,13,0
>35,No,Undergraduate,1,Man,1,Dev,17,15,13,1
>35,No,Master,1,Man,0,Dev,22,5,12,1
<35,No,Other,1,Man,0,Dev,5,5,26,1
<35,No,Undergraduate,1,Man,0,Dev,14,8,15,1
<35,No,Undergraduate,1,Man,0,Dev,12,9,11,0
<35,No,Master,1,Man,0,NotDev,6,0,13,1
>35,No,Undergraduate,1,Man,0,Dev,20,14,11,0
<35,No,Master,1,Man,0,Dev,10,5,11,1
<35,No,Undergraduate,1,Man,0,Dev,3,4,15,1
<35,No,Undergraduate,1,Man,0,Dev,10,6,5,0
<35,No,Master,1,Man,0,Dev,4,1,5,0
>35,No,PhD,1,Man,0,Dev,22,17,8,0
<35,No,Master,0,Man,0,Dev,8,5,15,1
<35,No,Undergraduate,1,Man,0,Dev,5,1,7,0
>35,No,PhD,0,Man,0,NotDev,27,21,27,1
<35,No,PhD,1,Man,0,NotDev,13,3,14,1
<35,No,Undergraduate,0,NonBinary,0,Dev,4,2,7,0
<35,No,Other,1,Man,0,Dev,13,10,16,1
<35,No,NoHigherEd,1,Man,1,Dev,15,10,16,1
<35,No,Master,1,Man,1,Dev,14,12,7,0
>35,No,Master,1,Man,0,Dev,28,20,2,0
>35,No,Master,0,Man,0,Dev,40,30,8,1
<35,No,Master,1,Man,0,Dev,9,6,11,1
<35,No,Master,1,Man,0,Dev,7,5,15,1
<35,No,Undergraduate,1,Man,0,Dev,7,0,13,1
<35,Yes,Undergraduate,1,Man,0,Dev,4,3,10,0
<35,No,Undergraduate,1,Man,0,Dev,13,6,26,1
<35,No,Other,1,Man,1,Dev,14,10,15,1
<35,No,Undergraduate,1,Woman,0,Dev,9,3,23,1
<35,No,Other,1,Man,1,Dev,17,12,13,1
<35,No,Undergraduate,1,Man,1,Dev,7,2,21,1
>35,No,Master,1,Man,0,Dev,6,6,5,0
>35,No,Undergraduate,1,Man,0,Dev,42,38,5,0
<35,Yes,Other,1,Man,0,Dev,14,5,14,1
>35,No,Undergraduate,1,Man,0,Dev,12,10,16,1
<35,No,Undergraduate,1,Man,0,Dev,13,5,8,0
<35,No,Undergraduate,1,Man,0,Dev,20,18,10,0
<35,No,Master,1,Man,1,Dev,13,0,7,0
<35,No,Master,1,Man,1,Dev,7,2,12,0
<35,No,NoHigherEd,0,Man,0,Dev,10,4,19,1
<35,No,Master,1,Woman,0,Dev,12,7,19,1
<35,No,Undergraduate,1,Man,1,Dev,14,7,18,1
<35,No,Undergraduate,1,Man,0,Dev,9,1,20,1
>35,No,Undergraduate,1,Man,0,Dev,20,19,24,1
>35,No,Undergraduate,1,Man,0,Dev,27,18,12,1
<35,No,Master,1,Man,0,Dev,11,6,5,0
<35,No,Master,1,Man,0,Dev,12,12,19,1
>35,No,Other,1,Man,1,Dev,30,23,2,0
>35,No,Undergraduate,1,Man,1,Dev,27,10,11,0
<35,No,Undergraduate,1,Man,0,Dev,20,18,12,0
>35,No,Master,1,Man,0,Dev,40,25,11,1
>35,No,Undergraduate,1,Man,0,Dev,20,18,17,1
<35,No,Undergraduate,1,Man,0,Dev,15,10,19,1
<35,No,Undergraduate,1,Man,1,Dev,14,7,20,1
<35,No,Undergraduate,1,Man,0,Dev,2,1,3,0
<35,No,Other,1,Man,0,Dev,8,7,9,0
<35,No,Master,1,Man,0,Dev,12,9,10,1
<35,No,Undergraduate,1,Man,1,Dev,5,2,10,1
<35,No,Undergraduate,0,Woman,0,Dev,10,6,6,1
>35,No,Undergraduate,1,Man,1,Dev,40,17,8,0
<35,No,Master,1,Man,0,Dev,7,4,8,0
<35,No,Undergraduate,1,Man,0,Dev,7,2,13,1
<35,No,Undergraduate,1,Man,0,Dev,10,9,13,1
<35,No,Undergraduate,1,Man,0,Dev,7,0,10,0
<35,No,Master,1,Man,0,Dev,10,6,14,1
<35,No,Master,1,Woman,0,Dev,6,6,7,1
>35,No,PhD,1,Man,0,NotDev,37,0,0,0
<35,No,Undergraduate,1,Man,0,Dev,8,2,9,1
<35,No,Undergraduate,1,Man,0,Dev,3,0,9,0
<35,No,NoHigherEd,0,Man,1,Dev,11,2,19,1
<35,No,Undergraduate,1,Woman,0,Dev,7,3,13,0
<35,Yes,Undergraduate,1,Man,1,Dev,14,2,22,1
>35,No,Master,0,Man,0,Dev,25,20,17,1
<35,No,Master,1,Man,1,Dev,10,4,8,1
<35,Yes,Other,1,Man,0,Dev,10,6,6,0
>35,No,Undergraduate,0,Man,0,Dev,25,13,11,1
>35,No,Master,1,Man,0,Dev,40,27,4,0
<35,No,Master,1,Man,0,Dev,3,2,12,1
<35,No,Undergraduate,1,Man,0,Dev,9,6,19,1
>35,No,Undergraduate,1,Man,0,Dev,18,9,5,0
>35,No,PhD,1,Man,0,NotDev,25,25,19,1
<35,No,NoHigherEd,1,Man,0,Dev,7,1,19,1
<35,No,Undergraduate,1,Man,0,Dev,7,4,7,0
<35,No,Undergraduate,1,Man,0,Dev,9,5,23,1
<35,No,Undergraduate,1,Man,0,Dev,10,4,14,0
>35,No,Other,1,Man,0,Dev,19,19,9,0
<35,No,Other,1,Man,0,Dev,11,8,15,1
>35,No,PhD,0,Man,0,Dev,15,15,11,0
<35,No,Master,1,Man,0,Dev,24,10,30,1
<35,No,Undergraduate,1,Man,0,Dev,8,3,21,1
<35,No,Undergraduate,1,Woman,0,Dev,6,2,14,1
<35,No,Master,1,Man,0,Dev,11,7,9,1
<35,No,NoHigherEd,1,Man,1,Dev,15,7,11,1
<35,No,Undergraduate,0,Man,0,Dev,8,4,15,0
<35,No,Other,1,Man,0,Dev,15,7,15,0
<35,No,Undergraduate,1,Man,0,Dev,7,3,20,1
<35,No,Undergraduate,1,Man,0,Dev,6,2,8,0
>35,No,Master,0,Man,0,NotDev,24,23,13,1
<35,No,Master,1,Man,0,Dev,7,3,13,1
>35,No,Master,1,Man,0,Dev,25,10,8,0
<35,No,Undergraduate,0,Man,0,Dev,7,3,11,1
<35,No,Undergraduate,1,Man,0,Dev,9,7,13,0
>35,No,Master,1,Man,0,Dev,15,9,4,0
<35,No,Undergraduate,1,Woman,0,Dev,8,4,11,1
<35,No,Undergraduate,1,Man,0,NotDev,4,2,23,1
<35,No,Undergraduate,0,Man,1,Dev,15,11,3,0
>35,No,PhD,0,Man,0,Dev,22,11,21,1
<35,No,Undergraduate,1,Man,0,Dev,14,6,12,0
<35,No,Other,1,Man,1,Dev,12,11,12,1
<35,No,Undergraduate,1,Man,0,Dev,5,1,15,0
<35,No,Undergraduate,1,Man,0,Dev,14,9,11,0
<35,No,Master,1,Man,0,Dev,5,4,14,0
>35,No,Master,1,Man,0,Dev,32,27,5,0
<35,No,Undergraduate,1,Man,1,Dev,17,8,17,1
>35,No,Master,1,Man,0,Dev,22,15,11,0
<35,No,Undergraduate,1,Man,1,Dev,10,8,19,1
>35,No,Master,1,Man,1,Dev,32,20,9,1
<35,No,Master,0,Man,1,Dev,18,10,21,1
<35,No,Other,1,Man,0,Dev,2,2,19,1
>35,No,Master,1,Man,0,Dev,15,10,8,1
>35,No,Other,1,Man,0,Dev,24,24,12,1
<35,No,PhD,1,Woman,1,Dev,12,3,10,0
>35,No,Master,0,Man,0,Dev,10,6,54,1
<35,No,Master,1,Man,0,Dev,15,11,5,0
>35,No,Undergraduate,1,Man,0,Dev,20,17,12,1
>35,No,NoHigherEd,1,Man,0,Dev,41,32,14,0
<35,No,Other,1,Man,0,Dev,18,10,19,1
<35,No,Undergraduate,1,Man,0,Dev,13,9,11,1
>35,No,Other,1,Man,1,Dev,15,4,15,1
<35,No,Undergraduate,1,Man,1,Dev,15,7,6,0
>35,No,Undergraduate,1,Man,1,NotDev,3,4,17,1
<35,No,Undergraduate,1,Man,0,Dev,18,6,18,1
<35,No,Undergraduate,1,Man,0,Dev,7,4,14,0
>35,No,Undergraduate,1,Man,0,Dev,25,20,5,0
<35,No,Master,1,Man,1,Dev,10,3,12,1
<35,No,Undergraduate,1,Woman,0,Dev,6,3,24,1
<35,No,Master,1,Man,1,Dev,9,4,9,0
>35,No,Master,1,Man,0,Dev,35,30,20,1
<35,No,Master,1,Man,0,Dev,12,1,17,1
<35,No,Undergraduate,1,Man,0,Dev,14,8,10,1
<35,No,Other,0,Man,0,Dev,14,11,20,0
<35,No,Other,1,Man,0,Dev,13,11,21,1
<35,No,Master,1,Man,0,NotDev,8,3,9,0
<35,Yes,Undergraduate,1,Man,1,Dev,20,10,19,1
<35,No,Undergraduate,1,Man,0,Dev,5,5,14,0
>35,No,Master,1,Man,0,Dev,15,6,18,1
<35,No,Undergraduate,1,Man,0,Dev,8,6,3,0
<35,Yes,NoHigherEd,1,Man,1,Dev,14,14,19,1
<35,No,Master,1,Man,0,Dev,16,11,9,1
<35,No,Undergraduate,1,Man,0,Dev,13,8,9,0
<35,No,Master,1,Woman,1,Dev,16,10,13,0
<35,No,Undergraduate,1,Man,1,Dev,7,1,17,1
<35,No,Master,1,Man,1,Dev,15,12,18,1
<35,No,Undergraduate,1,Man,0,Dev,13,9,12,0
>35,No,Undergraduate,1,Man,0,Dev,9,9,14,1
>35,No,Undergraduate,1,Man,0,Dev,30,26,7,0
<35,No,NoHigherEd,1,Man,0,Dev,5,1,15,0
>35,No,Undergraduate,1,Man,0,Dev,22,18,10,0
<35,No,Other,1,Man,0,Dev,10,9,27,1
>35,No,PhD,0,Man,0,Dev,20,16,8,0
<35,No,Undergraduate,1,Man,0,Dev,6,4,12,0
>35,No,Master,0,Man,1,Dev,29,20,11,1
<35,Yes,Master,1,Man,1,Dev,15,5,4,0
<35,No,Other,1,Man,0,Dev,7,5,18,1
<35,No,Undergraduate,1,Man,0,Dev,12,7,18,1
>35,No,Undergraduate,1,Man,0,Dev,12,10,9,0
<35,No,Undergraduate,1,Man,0,Dev,13,6,18,1
<35,No,Other,1,Man,0,Dev,6,3,15,1
<35,No,Undergraduate,1,Man,0,Dev,24,7,15,1
<35,No,Master,1,Man,0,Dev,8,3,4,0
<35,No,Undergraduate,1,Woman,0,Dev,20,11,12,1
<35,No,Undergraduate,1,Man,0,Dev,10,5,23,1
<35,No,Other,1,Man,0,Dev,9,3,12,0
<35,No,NoHigherEd,0,Man,0,Dev,15,10,10,0
>35,No,PhD,1,Man,0,Dev,22,20,18,1
<35,No,Undergraduate,1,NonBinary,1,Dev,12,7,11,0
<35,No,Undergraduate,1,Man,0,Dev,16,6,24,1
<35,No,Other,1,Man,0,Dev,5,2,17,1
<35,No,Other,0,Man,1,Dev,6,2,9,0
>35,No,PhD,1,Man,1,NotDev,30,17,3,0
<35,No,Undergraduate,1,Man,0,Dev,8,4,14,0
>35,No,Master,1,Man,1,Dev,28,21,18,0
>35,No,PhD,1,Man,0,Dev,30,12,5,0
<35,No,Master,1,Man,1,Dev,1,0,5,0
>35,No,Master,1,Man,0,Dev,41,30,11,1
<35,No,Undergraduate,0,Man,0,Dev,6,2,16,1
>35,No,Other,1,Man,0,NotDev,30,20,4,0
<35,No,Undergraduate,0,Man,0,Dev,14,9,4,0
<35,No,Undergraduate,1,Man,0,Dev,10,0,6,0
<35,No,Undergraduate,1,Man,0,Dev,8,4,13,0
>35,No,Undergraduate,1,Man,0,Dev,38,22,18,1
>35,No,Other,1,Man,0,Dev,22,17,7,0
>35,No,Master,1,Man,0,Dev,20,13,13,1
>35,No,Other,1,Man,0,Dev,29,20,17,1
>35,No,Master,1,Man,0,Dev,30,15,7,0
<35,No,NoHigherEd,1,Man,0,Dev,18,15,23,1
<35,No,Undergraduate,1,Man,0,Dev,12,9,10,1
<35,No,Master,1,Man,1,Dev,20,13,1,0
>35,No,Undergraduate,0,Man,0,NotDev,7,5,7,0
<35,No,Other,1,Man,0,Dev,16,11,31,1
>35,No,Master,1,Man,0,Dev,21,16,8,0
<35,No,Master,1,Man,0,Dev,4,2,8,1
<35,No,Undergraduate,1,Man,0,Dev,10,6,14,1
>35,No,Master,1,Man,0,Dev,20,16,17,1
<35,No,Undergraduate,1,Man,0,Dev,8,6,16,0
<35,No,Undergraduate,1,Man,1,Dev,7,7,19,1
<35,No,Other,1,Man,0,Dev,9,5,21,1
<35,No,NoHigherEd,1,Man,1,NotDev,17,6,14,0
>35,No,Other,1,Man,0,Dev,42,39,15,0
>35,No,Undergraduate,1,Man,0,Dev,30,24,12,0
>35,No,Other,1,Man,1,Dev,30,25,12,1
<35,No,Undergraduate,0,Woman,0,Dev,10,3,10,1
<35,No,Undergraduate,1,NonBinary,1,Dev,14,10,23,1
<35,No,Undergraduate,0,Man,1,Dev,10,4,16,1
<35,No,Undergraduate,1,Man,1,Dev,5,2,10,1
>35,No,Undergraduate,1,Man,1,Dev,25,25,21,1
<35,No,Undergraduate,1,Man,0,Dev,3,0,12,1
<35,No,Undergraduate,1,Man,1,Dev,6,5,7,0
<35,No,Master,1,Man,0,NotDev,14,11,16,1
